{"stats":{"minecraft:used":{"minecraft:wooden_sword":2,"minecraft:mutton":1},"minecraft:picked_up":{"minecraft:wooden_axe":1,"minecraft:iron_ingot":4,"minecraft:wooden_sword":1,"minecraft:stick":2,"minecraft:pointed_dripstone":1,"minecraft:mutton":1,"minecraft:wooden_pickaxe":1},"minecraft:custom":{"minecraft:time_since_rest":635,"minecraft:damage_dealt":80,"minecraft:deaths":1,"minecraft:walk_on_water_one_cm":3999,"minecraft:play_time":6278,"minecraft:damage_taken":358,"minecraft:time_since_death":577,"minecraft:walk_one_cm":15913,"minecraft:total_world_time":6278,"minecraft:walk_under_water_one_cm":1949,"minecraft:fall_one_cm":989,"minecraft:fly_one_cm":734,"minecraft:jump":25}},"DataVersion":3953}