{"stats":{"minecraft:crafted":{"minecraft:wooden_sword":1,"minecraft:oak_planks":54,"minecraft:flint_and_steel":1,"minecraft:wheat":27,"minecraft:iron_helmet":1,"minecraft:iron_sword":1,"minecraft:bucket":1,"minecraft:bread":10,"minecraft:stick":2,"minecraft:iron_pickaxe":1,"minecraft:iron_ingot":7},"minecraft:mined":{"minecraft:mossy_cobblestone":2,"minecraft:deepslate_diamond_ore":4,"minecraft:grass_block":19,"minecraft:hay_block":4,"minecraft:iron_ore":5,"minecraft:fire":29,"minecraft:stripped_oak_log":7,"minecraft:dandelion":1,"minecraft:torch":1,"minecraft:short_grass":20,"minecraft:poppy":1,"minecraft:tall_grass":6,"minecraft:cobblestone":2,"minecraft:oak_planks":2,"minecraft:wall_torch":2,"minecraft:wheat":2,"minecraft:waxed_copper_block":1,"minecraft:tnt":63,"minecraft:yellow_bed":1,"minecraft:oak_log":15,"minecraft:dirt":5,"minecraft:acacia_planks":2,"minecraft:netherrack":2},"minecraft:used":{"minecraft:oak_fence":1,"minecraft:netherite_sword":35,"minecraft:flint_and_steel":33,"minecraft:poppy":1,"minecraft:shield":2,"minecraft:iron_sword":69,"minecraft:netherrack":2,"minecraft:torch":5,"minecraft:dirt":50,"minecraft:mutton":1,"minecraft:wooden_axe":25,"minecraft:iron_helmet":1,"minecraft:bow":13,"minecraft:furnace":1,"minecraft:potato":2,"minecraft:enchanted_golden_apple":6,"minecraft:water_bucket":9,"minecraft:oak_planks":35,"minecraft:diamond_axe":5,"minecraft:golden_apple":1,"minecraft:mossy_cobblestone":2,"minecraft:tnt":56,"minecraft:oak_log":14,"minecraft:apple":9,"minecraft:bread":1,"minecraft:iron_pickaxe":20,"minecraft:wooden_sword":48,"minecraft:cobblestone":9,"minecraft:bucket":10,"minecraft:stripped_oak_log":6},"minecraft:dropped":{"minecraft:water_bucket":2,"minecraft:iron_ingot":21,"minecraft:iron_sword":2,"minecraft:porkchop":1,"minecraft:wheat_seeds":67,"minecraft:oak_pressure_plate":3,"minecraft:oak_log":2,"minecraft:diamond":3,"minecraft:cobblestone":69,"minecraft:iron_helmet":1,"minecraft:polished_tuff":1,"minecraft:leather":2,"minecraft:flint":3,"minecraft:stick":32,"minecraft:iron_block":1,"minecraft:dirt":213,"minecraft:mutton":2,"minecraft:wooden_axe":1,"minecraft:wooden_sword":1,"minecraft:gravel":17,"minecraft:tuff_bricks":2,"minecraft:raw_copper":23,"minecraft:tuff":3,"minecraft:netherite_sword":2,"minecraft:wheat":4,"minecraft:chicken":4,"minecraft:rotten_flesh":15,"minecraft:iron_boots":1,"minecraft:oak_planks":128,"minecraft:oak_sign":1,"minecraft:waxed_copper_block":1,"minecraft:carrot":16,"minecraft:flint_and_steel":3,"minecraft:diamond_sword":1,"minecraft:tipped_arrow":4,"minecraft:shield":1,"minecraft:iron_chestplate":1,"minecraft:ladder":4,"minecraft:oak_boat":2,"minecraft:arrow":2,"minecraft:bow":2,"minecraft:beef":4,"minecraft:brick":8,"minecraft:egg":2},"minecraft:picked_up":{"minecraft:wooden_axe":1,"minecraft:iron_chestplate":1,"minecraft:wheat":8,"minecraft:chicken":4,"minecraft:ladder":4,"minecraft:diamond_sword":1,"minecraft:wooden_pickaxe":1,"minecraft:shield":2,"minecraft:brick":8,"minecraft:raw_copper":23,"minecraft:wooden_sword":1,"minecraft:flint_and_steel":3,"minecraft:oak_sign":1,"minecraft:netherite_sword":3,"minecraft:beef":4,"minecraft:oak_boat":2,"minecraft:poppy":1,"minecraft:enchanted_golden_apple":78,"minecraft:furnace":1,"minecraft:iron_boots":1,"minecraft:egg":2,"minecraft:tipped_arrow":38,"minecraft:stick":32,"minecraft:raw_iron":5,"minecraft:oak_fence":1,"minecraft:torch":5,"minecraft:porkchop":1,"minecraft:pointed_dripstone":9,"minecraft:carrot":16,"minecraft:redstone":1,"minecraft:tnt":63,"minecraft:arrow":1,"minecraft:rotten_flesh":23,"minecraft:hay_block":3,"minecraft:diamond_boots":1,"minecraft:netherite_chestplate":2,"minecraft:tuff_bricks":2,"minecraft:obsidian":14,"minecraft:mutton":3,"minecraft:cobblestone":78,"minecraft:white_wool":1,"minecraft:stripped_oak_log":12,"minecraft:netherite_boots":1,"minecraft:feather":4,"minecraft:water_bucket":2,"minecraft:leather":2,"minecraft:flint":4,"minecraft:tuff":3,"minecraft:oak_log":25,"minecraft:waxed_copper_block":1,"minecraft:netherite_leggings":2,"minecraft:dirt":264,"minecraft:bow":3,"minecraft:wheat_seeds":71,"minecraft:stone_pickaxe":1,"minecraft:iron_ingot":28,"minecraft:diamond_helmet":1,"minecraft:iron_sword":1,"minecraft:oak_planks":110,"minecraft:dandelion":1,"minecraft:oak_pressure_plate":3,"minecraft:gravel":17,"minecraft:polished_tuff":1,"minecraft:mossy_cobblestone":2,"minecraft:diamond":4,"minecraft:netherite_helmet":1,"minecraft:diamond_axe":1,"minecraft:golden_apple":10,"minecraft:emerald":8,"minecraft:netherrack":2},"minecraft:killed_by":{"minecraft:player":5,"minecraft:spider":1,"minecraft:skeleton":1,"minecraft:zombie":6,"minecraft:breeze":1},"minecraft:killed":{"minecraft:spider":1,"minecraft:skeleton":1,"minecraft:horse":1,"minecraft:zombie":12},"minecraft:broken":{"minecraft:wooden_sword":1},"minecraft:custom":{"minecraft:mob_kills":15,"minecraft:interact_with_crafting_table":6,"minecraft:open_barrel":2,"minecraft:bell_ring":325,"minecraft:leave_game":4,"minecraft:time_since_death":71821,"minecraft:climb_one_cm":6682,"minecraft:damage_resisted":202,"minecraft:sprint_one_cm":236391,"minecraft:walk_one_cm":377639,"minecraft:damage_blocked_by_shield":111,"minecraft:drop":630,"minecraft:talked_to_villager":12,"minecraft:play_time":172302,"minecraft:deaths":18,"minecraft:sneak_time":8319,"minecraft:walk_under_water_one_cm":19905,"minecraft:boat_one_cm":1961,"minecraft:jump":1012,"minecraft:interact_with_brewingstand":1,"minecraft:walk_on_water_one_cm":33394,"minecraft:total_world_time":172302,"minecraft:interact_with_furnace":3,"minecraft:sleep_in_bed":4,"minecraft:time_since_rest":71851,"minecraft:damage_taken":5764,"minecraft:damage_absorbed":386,"minecraft:damage_dealt":4576,"minecraft:fly_one_cm":99820,"minecraft:player_kills":1,"minecraft:open_chest":9,"minecraft:crouch_one_cm":5480,"minecraft:fall_one_cm":45219}},"DataVersion":3953}