{"stats":{"minecraft:used":{"minecraft:oak_fence":1,"minecraft:water_bucket":5,"minecraft:flint_and_steel":6,"minecraft:poppy":1,"minecraft:oak_planks":25,"minecraft:iron_sword":51,"minecraft:torch":4,"minecraft:mossy_cobblestone":2,"minecraft:mutton":1,"minecraft:wooden_axe":25,"minecraft:apple":8,"minecraft:bread":1,"minecraft:iron_pickaxe":15,"minecraft:iron_helmet":1,"minecraft:wooden_sword":48,"minecraft:cobblestone":9,"minecraft:furnace":1,"minecraft:bucket":6,"minecraft:potato":2},"minecraft:picked_up":{"minecraft:wooden_axe":1,"minecraft:stripped_oak_log":6,"minecraft:wheat":8,"minecraft:feather":4,"minecraft:chicken":4,"minecraft:diamond_sword":1,"minecraft:wooden_pickaxe":1,"minecraft:flint":3,"minecraft:oak_log":9,"minecraft:dirt":6,"minecraft:wooden_sword":1,"minecraft:wheat_seeds":5,"minecraft:iron_ingot":10,"minecraft:beef":4,"minecraft:stone_pickaxe":1,"minecraft:oak_boat":2,"minecraft:poppy":1,"minecraft:iron_sword":1,"minecraft:oak_planks":35,"minecraft:furnace":1,"minecraft:stick":2,"minecraft:raw_iron":5,"minecraft:oak_fence":1,"minecraft:torch":4,"minecraft:gravel":1,"minecraft:porkchop":1,"minecraft:pointed_dripstone":9,"minecraft:carrot":2,"minecraft:mossy_cobblestone":2,"minecraft:rotten_flesh":8,"minecraft:diamond":4,"minecraft:hay_block":3,"minecraft:mutton":3,"minecraft:cobblestone":9,"minecraft:white_wool":1},"minecraft:killed":{"minecraft:zombie":2},"minecraft:dropped":{"minecraft:iron_ingot":3,"minecraft:iron_sword":1,"minecraft:wheat_seeds":1,"minecraft:wheat":2,"minecraft:oak_planks":32,"minecraft:diamond_sword":1,"minecraft:oak_boat":1},"minecraft:broken":{"minecraft:wooden_sword":1},"minecraft:custom":{"minecraft:interact_with_furnace":3,"minecraft:mob_kills":2,"minecraft:interact_with_crafting_table":6,"minecraft:bell_ring":325,"minecraft:leave_game":1,"minecraft:time_since_death":149,"minecraft:sleep_in_bed":4,"minecraft:climb_one_cm":3344,"minecraft:time_since_rest":201,"minecraft:sprint_one_cm":138030,"minecraft:damage_taken":4118,"minecraft:walk_one_cm":230861,"minecraft:drop":10,"minecraft:damage_dealt":2281,"minecraft:talked_to_villager":12,"minecraft:player_kills":1,"minecraft:fly_one_cm":38480,"minecraft:open_chest":3,"minecraft:crouch_one_cm":722,"minecraft:play_time":89985,"minecraft:deaths":14,"minecraft:sneak_time":2885,"minecraft:walk_under_water_one_cm":13144,"minecraft:boat_one_cm":1961,"minecraft:jump":505,"minecraft:interact_with_brewingstand":1,"minecraft:walk_on_water_one_cm":27056,"minecraft:total_world_time":89985,"minecraft:fall_one_cm":26268},"minecraft:crafted":{"minecraft:wooden_sword":1,"minecraft:oak_planks":54,"minecraft:iron_helmet":1,"minecraft:iron_sword":1,"minecraft:bucket":1,"minecraft:bread":10,"minecraft:flint_and_steel":1,"minecraft:stick":2,"minecraft:iron_ingot":7,"minecraft:iron_pickaxe":1,"minecraft:wheat":27},"minecraft:killed_by":{"minecraft:player":4,"minecraft:skeleton":1,"minecraft:spider":1,"minecraft:zombie":4},"minecraft:mined":{"minecraft:mossy_cobblestone":2,"minecraft:deepslate_diamond_ore":4,"minecraft:torch":1,"minecraft:short_grass":11,"minecraft:grass_block":1,"minecraft:poppy":1,"minecraft:cobblestone":2,"minecraft:tall_grass":4,"minecraft:oak_planks":2,"minecraft:wall_torch":2,"minecraft:hay_block":4,"minecraft:wheat":2,"minecraft:iron_ore":5,"minecraft:fire":5,"minecraft:yellow_bed":1,"minecraft:oak_log":9,"minecraft:stripped_oak_log":6,"minecraft:acacia_planks":2}},"DataVersion":3953}