{"stats":{"minecraft:used":{"minecraft:oak_fence":1,"minecraft:water_bucket":6,"minecraft:flint_and_steel":6,"minecraft:oak_planks":34,"minecraft:poppy":1,"minecraft:iron_sword":69,"minecraft:torch":4,"minecraft:mossy_cobblestone":2,"minecraft:mutton":1,"minecraft:wooden_axe":25,"minecraft:apple":8,"minecraft:bread":1,"minecraft:iron_pickaxe":16,"minecraft:iron_helmet":1,"minecraft:wooden_sword":48,"minecraft:cobblestone":9,"minecraft:furnace":1,"minecraft:bucket":7,"minecraft:potato":2},"minecraft:picked_up":{"minecraft:wooden_axe":1,"minecraft:stripped_oak_log":6,"minecraft:wheat":8,"minecraft:feather":4,"minecraft:chicken":4,"minecraft:diamond_sword":1,"minecraft:wooden_pickaxe":1,"minecraft:flint":3,"minecraft:tuff":3,"minecraft:waxed_copper_block":1,"minecraft:oak_log":9,"minecraft:brick":8,"minecraft:shield":1,"minecraft:dirt":9,"minecraft:wooden_sword":1,"minecraft:wheat_seeds":38,"minecraft:stone_pickaxe":1,"minecraft:iron_ingot":28,"minecraft:beef":4,"minecraft:oak_boat":2,"minecraft:poppy":1,"minecraft:iron_sword":1,"minecraft:oak_planks":35,"minecraft:furnace":1,"minecraft:stick":2,"minecraft:raw_iron":5,"minecraft:oak_fence":1,"minecraft:torch":4,"minecraft:gravel":1,"minecraft:porkchop":1,"minecraft:pointed_dripstone":9,"minecraft:carrot":2,"minecraft:polished_tuff":1,"minecraft:mossy_cobblestone":2,"minecraft:arrow":1,"minecraft:rotten_flesh":11,"minecraft:diamond":4,"minecraft:hay_block":3,"minecraft:tuff_bricks":2,"minecraft:mutton":3,"minecraft:white_wool":1,"minecraft:cobblestone":14},"minecraft:killed":{"minecraft:zombie":5},"minecraft:dropped":{"minecraft:iron_ingot":21,"minecraft:iron_sword":1,"minecraft:wheat_seeds":1,"minecraft:diamond":3,"minecraft:wheat":2,"minecraft:cobblestone":5,"minecraft:oak_planks":53,"minecraft:iron_block":1,"minecraft:diamond_sword":1,"minecraft:oak_boat":1},"minecraft:broken":{"minecraft:wooden_sword":1},"minecraft:custom":{"minecraft:interact_with_furnace":3,"minecraft:mob_kills":5,"minecraft:interact_with_crafting_table":6,"minecraft:open_barrel":2,"minecraft:bell_ring":325,"minecraft:leave_game":2,"minecraft:time_since_death":3463,"minecraft:sleep_in_bed":4,"minecraft:climb_one_cm":4106,"minecraft:time_since_rest":3493,"minecraft:sprint_one_cm":159830,"minecraft:damage_taken":5105,"minecraft:walk_one_cm":265060,"minecraft:drop":41,"minecraft:damage_dealt":2819,"minecraft:player_kills":1,"minecraft:talked_to_villager":12,"minecraft:fly_one_cm":46249,"minecraft:open_chest":6,"minecraft:crouch_one_cm":739,"minecraft:play_time":103944,"minecraft:deaths":18,"minecraft:sneak_time":3007,"minecraft:walk_under_water_one_cm":15340,"minecraft:boat_one_cm":1961,"minecraft:interact_with_brewingstand":1,"minecraft:jump":571,"minecraft:walk_on_water_one_cm":30609,"minecraft:total_world_time":103944,"minecraft:fall_one_cm":32129},"minecraft:crafted":{"minecraft:wooden_sword":1,"minecraft:oak_planks":54,"minecraft:iron_helmet":1,"minecraft:iron_sword":1,"minecraft:bucket":1,"minecraft:bread":10,"minecraft:flint_and_steel":1,"minecraft:stick":2,"minecraft:iron_ingot":7,"minecraft:iron_pickaxe":1,"minecraft:wheat":27},"minecraft:killed_by":{"minecraft:player":5,"minecraft:skeleton":1,"minecraft:spider":1,"minecraft:zombie":6,"minecraft:breeze":1},"minecraft:mined":{"minecraft:mossy_cobblestone":2,"minecraft:deepslate_diamond_ore":4,"minecraft:torch":1,"minecraft:short_grass":11,"minecraft:grass_block":1,"minecraft:poppy":1,"minecraft:tall_grass":4,"minecraft:cobblestone":2,"minecraft:oak_planks":2,"minecraft:wall_torch":2,"minecraft:hay_block":4,"minecraft:iron_ore":5,"minecraft:wheat":2,"minecraft:fire":5,"minecraft:waxed_copper_block":1,"minecraft:yellow_bed":1,"minecraft:oak_log":9,"minecraft:stripped_oak_log":6,"minecraft:acacia_planks":2}},"DataVersion":3953}