{"stats":{"minecraft:used":{"minecraft:apple":4,"minecraft:oak_planks":10,"minecraft:iron_pickaxe":7,"minecraft:iron_sword":1,"minecraft:torch":1,"minecraft:mossy_cobblestone":2,"minecraft:wooden_sword":48,"minecraft:mutton":1,"minecraft:bucket":2,"minecraft:furnace":1,"minecraft:potato":2,"minecraft:water_bucket":1,"minecraft:wooden_axe":17,"minecraft:oak_fence":1},"minecraft:picked_up":{"minecraft:wooden_axe":1,"minecraft:stripped_oak_log":6,"minecraft:stick":2,"minecraft:wheat":4,"minecraft:feather":4,"minecraft:chicken":4,"minecraft:oak_fence":1,"minecraft:diamond_sword":1,"minecraft:torch":3,"minecraft:wooden_pickaxe":1,"minecraft:porkchop":1,"minecraft:oak_log":3,"minecraft:pointed_dripstone":9,"minecraft:mossy_cobblestone":2,"minecraft:wooden_sword":1,"minecraft:rotten_flesh":7,"minecraft:wheat_seeds":5,"minecraft:hay_block":3,"minecraft:beef":4,"minecraft:iron_ingot":4,"minecraft:stone_pickaxe":1,"minecraft:furnace":1,"minecraft:raw_iron":5,"minecraft:mutton":3,"minecraft:oak_planks":34,"minecraft:white_wool":1},"minecraft:killed":{"minecraft:zombie":1},"minecraft:dropped":{"minecraft:diamond_sword":1,"minecraft:iron_ingot":3,"minecraft:oak_planks":32},"minecraft:broken":{"minecraft:wooden_sword":1},"minecraft:custom":{"minecraft:time_since_rest":395,"minecraft:interact_with_furnace":3,"minecraft:sprint_one_cm":61719,"minecraft:damage_taken":2101,"minecraft:walk_one_cm":137881,"minecraft:mob_kills":1,"minecraft:drop":5,"minecraft:damage_dealt":906,"minecraft:talked_to_villager":11,"minecraft:interact_with_crafting_table":4,"minecraft:fly_one_cm":18282,"minecraft:open_chest":3,"minecraft:play_time":53985,"minecraft:deaths":7,"minecraft:sneak_time":18,"minecraft:walk_under_water_one_cm":7915,"minecraft:interact_with_brewingstand":1,"minecraft:boat_one_cm":1961,"minecraft:jump":260,"minecraft:leave_game":1,"minecraft:time_since_death":212,"minecraft:walk_on_water_one_cm":15289,"minecraft:climb_one_cm":3344,"minecraft:sleep_in_bed":3,"minecraft:total_world_time":53985,"minecraft:fall_one_cm":15796},"minecraft:crafted":{"minecraft:wooden_sword":1,"minecraft:oak_planks":32,"minecraft:stick":2,"minecraft:iron_ingot":7,"minecraft:iron_pickaxe":1,"minecraft:iron_sword":1,"minecraft:bucket":1,"minecraft:bread":10,"minecraft:wheat":27},"minecraft:killed_by":{"minecraft:skeleton":1,"minecraft:zombie":3},"minecraft:mined":{"minecraft:hay_block":4,"minecraft:mossy_cobblestone":2,"minecraft:iron_ore":5,"minecraft:yellow_bed":1,"minecraft:torch":1,"minecraft:short_grass":7,"minecraft:grass_block":1,"minecraft:oak_log":3,"minecraft:stripped_oak_log":6,"minecraft:tall_grass":2,"minecraft:acacia_planks":2,"minecraft:oak_planks":1,"minecraft:wall_torch":1}},"DataVersion":3953}