{"stats":{"minecraft:used":{"minecraft:water_bucket":38,"minecraft:iron_ore":2,"minecraft:stone_sword":53,"minecraft:iron_shovel":84,"minecraft:stone_pickaxe":22,"minecraft:oak_planks":65,"minecraft:wooden_pickaxe":8,"minecraft:iron_sword":58,"minecraft:stone":7,"minecraft:torch":65,"minecraft:mossy_cobblestone":4,"minecraft:dirt":3,"minecraft:mutton":1,"minecraft:crafting_table":9,"minecraft:carrot":1,"minecraft:dripstone_block":2,"minecraft:oak_log":6,"minecraft:apple":13,"minecraft:oak_stairs":1,"minecraft:bread":10,"minecraft:iron_pickaxe":37,"minecraft:stone_axe":48,"minecraft:wooden_sword":13,"minecraft:cobblestone":119,"minecraft:furnace":3,"minecraft:bucket":38,"minecraft:yellow_bed":3,"minecraft:oak_boat":3,"minecraft:cooked_beef":5,"minecraft:potato":7,"minecraft:acacia_planks":4,"minecraft:cobbled_deepslate":6},"minecraft:picked_up":{"minecraft:wheat":10,"minecraft:crafting_table":5,"minecraft:cooked_beef":9,"minecraft:potato":11,"minecraft:oak_stairs":1,"minecraft:oak_log":35,"minecraft:yellow_bed":3,"minecraft:gunpowder":3,"minecraft:string":2,"minecraft:dirt":3,"minecraft:bone":2,"minecraft:acacia_planks":2,"minecraft:wheat_seeds":21,"minecraft:cobbled_deepslate":8,"minecraft:bucket":1,"minecraft:iron_ingot":12,"minecraft:beef":7,"minecraft:grindstone":1,"minecraft:oak_boat":2,"minecraft:oak_planks":45,"minecraft:furnace":4,"minecraft:raw_iron":9,"minecraft:oak_fence":1,"minecraft:torch":30,"minecraft:dripstone_block":2,"minecraft:gravel":1,"minecraft:porkchop":2,"minecraft:pointed_dripstone":8,"minecraft:white_bed":1,"minecraft:carrot":3,"minecraft:mossy_cobblestone":5,"minecraft:pumpkin_seeds":8,"minecraft:arrow":3,"minecraft:stone_sword":1,"minecraft:rotten_flesh":12,"minecraft:diamond":9,"minecraft:hay_block":5,"minecraft:bread":1,"minecraft:mutton":4,"minecraft:coal":19,"minecraft:rail":1,"minecraft:cobblestone":86},"minecraft:killed":{"minecraft:wolf":1,"minecraft:zombie_villager":2,"minecraft:iron_golem":1,"minecraft:skeleton":1,"minecraft:zombie":10,"minecraft:villager":2},"minecraft:dropped":{"minecraft:gravel":1,"minecraft:iron_ingot":4,"minecraft:cooked_beef":3,"minecraft:oak_log":1,"minecraft:stone_sword":1,"minecraft:cobbled_deepslate":2,"minecraft:diamond":4,"minecraft:wheat":10,"minecraft:pointed_dripstone":8,"minecraft:oak_fence":1,"minecraft:rotten_flesh":6,"minecraft:oak_planks":36,"minecraft:rail":1,"minecraft:pumpkin_seeds":8,"minecraft:stick":2,"minecraft:potato":6,"minecraft:stone":38,"minecraft:gunpowder":3,"minecraft:wooden_axe":1,"minecraft:wooden_shovel":1,"minecraft:wooden_sword":1,"minecraft:wooden_pickaxe":1,"minecraft:bucket":1},"minecraft:custom":{"minecraft:interact_with_furnace":13,"minecraft:mob_kills":17,"minecraft:interact_with_crafting_table":18,"minecraft:leave_game":1,"minecraft:climb_one_cm":601,"minecraft:time_since_death":11089,"minecraft:sleep_in_bed":5,"minecraft:time_since_rest":11115,"minecraft:sprint_one_cm":112901,"minecraft:damage_taken":6436,"minecraft:walk_one_cm":178286,"minecraft:drop":32,"minecraft:damage_dealt":5060,"minecraft:talked_to_villager":1,"minecraft:player_kills":4,"minecraft:swim_one_cm":5296,"minecraft:fly_one_cm":250668,"minecraft:open_chest":4,"minecraft:crouch_one_cm":22490,"minecraft:play_time":96011,"minecraft:deaths":16,"minecraft:sneak_time":7497,"minecraft:walk_under_water_one_cm":15902,"minecraft:boat_one_cm":5917,"minecraft:interact_with_brewingstand":1,"minecraft:jump":1532,"minecraft:walk_on_water_one_cm":21134,"minecraft:total_world_time":96011,"minecraft:fall_one_cm":81417},"minecraft:crafted":{"minecraft:cooked_beef":6,"minecraft:wooden_sword":1,"minecraft:oak_planks":112,"minecraft:wooden_shovel":1,"minecraft:crafting_table":4,"minecraft:wooden_pickaxe":1,"minecraft:iron_sword":1,"minecraft:stone_axe":1,"minecraft:bread":15,"minecraft:air":0,"minecraft:oak_boat":3,"minecraft:stick":32,"minecraft:iron_ingot":3,"minecraft:iron_pickaxe":1,"minecraft:stone_pickaxe":1,"minecraft:wooden_axe":1,"minecraft:iron_shovel":1,"minecraft:stone_sword":1,"minecraft:acacia_planks":4,"minecraft:torch":44,"minecraft:wheat":45},"minecraft:killed_by":{"minecraft:player":4,"minecraft:cave_spider":1,"minecraft:spider":1,"minecraft:zombie":1,"minecraft:enderman":1,"minecraft:iron_golem":2},"minecraft:mined":{"minecraft:white_bed":1,"minecraft:mossy_cobblestone":3,"minecraft:deepslate_diamond_ore":8,"minecraft:glow_lichen":1,"minecraft:crafting_table":5,"minecraft:torch":17,"minecraft:short_grass":41,"minecraft:grass_block":2,"minecraft:tall_grass":3,"minecraft:cobblestone":10,"minecraft:grindstone":1,"minecraft:oak_planks":9,"minecraft:wall_torch":8,"minecraft:hay_block":1,"minecraft:furnace":4,"minecraft:wheat":13,"minecraft:iron_ore":2,"minecraft:cobbled_deepslate":2,"minecraft:yellow_bed":2,"minecraft:potatoes":1,"minecraft:pointed_dripstone":5,"minecraft:oak_log":36,"minecraft:deepslate_iron_ore":7,"minecraft:oak_stairs":1,"minecraft:dirt":1,"minecraft:gravel":1,"minecraft:dripstone_block":2,"minecraft:cobweb":2,"minecraft:stone":15,"minecraft:oak_leaves":3,"minecraft:deepslate":7}},"DataVersion":3953}