{"stats":{"minecraft:crafted":{"minecraft:oak_planks":116,"minecraft:oak_sign":3,"minecraft:netherite_boots":1,"minecraft:diamond_leggings":2,"minecraft:diamond_helmet":1,"minecraft:iron_boots":1,"minecraft:chest":2,"minecraft:netherite_helmet":1,"minecraft:stone_hoe":1,"minecraft:wooden_shovel":1,"minecraft:emerald":25,"minecraft:crafting_table":7,"minecraft:wooden_pickaxe":1,"minecraft:iron_helmet":1,"minecraft:apple":44,"minecraft:iron_chestplate":1,"minecraft:diamond_pickaxe":1,"minecraft:shield":2,"minecraft:stick":140,"minecraft:iron_ingot":3,"minecraft:iron_pickaxe":1,"minecraft:stone_sword":1,"minecraft:netherite_ingot":3,"minecraft:wooden_sword":1,"minecraft:cookie":128,"minecraft:netherite_sword":1,"minecraft:netherite_chestplate":1,"minecraft:netherite_axe":1,"minecraft:netherite_leggings":1,"minecraft:ladder":9,"minecraft:stone_pickaxe":1,"minecraft:diamond_boots":2,"minecraft:netherite_scrap":13,"minecraft:wheat":45,"minecraft:cooked_beef":6,"minecraft:netherite_pickaxe":1,"minecraft:iron_sword":1,"minecraft:stone_axe":1,"minecraft:bread":15,"minecraft:air":0,"minecraft:oak_boat":3,"minecraft:wooden_axe":1,"minecraft:iron_shovel":1,"minecraft:iron_leggings":1,"minecraft:anvil":1,"minecraft:acacia_planks":4,"minecraft:torch":44,"minecraft:diamond_chestplate":1},"minecraft:mined":{"minecraft:white_bed":7,"minecraft:farmland":3,"minecraft:potted_dead_bush":1,"minecraft:granite":9,"minecraft:grass_block":1014,"minecraft:composter":1,"minecraft:oak_wall_sign":1,"minecraft:oxeye_daisy":1,"minecraft:tuff_bricks":2,"minecraft:magma_block":2,"minecraft:iron_ore":3,"minecraft:cobbled_deepslate":3,"minecraft:fire":12,"minecraft:polished_tuff":1,"minecraft:anvil":2,"minecraft:pointed_dripstone":5,"minecraft:dirt_path":3,"minecraft:oak_stairs":1,"minecraft:torch":17,"minecraft:poppy":1,"minecraft:cobblestone":85,"minecraft:grindstone":1,"minecraft:oak_planks":14,"minecraft:waxed_chiseled_copper":1,"minecraft:wall_torch":11,"minecraft:red_candle":1,"minecraft:wheat":30,"minecraft:oak_log":45,"minecraft:dirt":927,"minecraft:netherrack":390,"minecraft:ancient_debris":2,"minecraft:oak_leaves":11,"minecraft:deepslate":23,"minecraft:nether_gold_ore":1,"minecraft:tuff":3,"minecraft:mossy_cobblestone":3,"minecraft:deepslate_diamond_ore":8,"minecraft:red_stained_glass":1,"minecraft:glow_lichen":1,"minecraft:decorated_pot":16,"minecraft:hay_block":1,"minecraft:oak_trapdoor":3,"minecraft:furnace":4,"minecraft:carrots":4,"minecraft:waxed_copper_grate":2,"minecraft:polished_deepslate":2,"minecraft:potatoes":4,"minecraft:deepslate_iron_ore":7,"minecraft:stripped_oak_log":2,"minecraft:stone":128,"minecraft:light_gray_carpet":1,"minecraft:spruce_door":1,"minecraft:dandelion":4,"minecraft:crafting_table":5,"minecraft:short_grass":167,"minecraft:tall_grass":26,"minecraft:waxed_oxidized_copper_grate":3,"minecraft:yellow_bed":5,"minecraft:gravel":25,"minecraft:dripstone_block":2,"minecraft:cobweb":2,"minecraft:chipped_anvil":1},"minecraft:used":{"minecraft:iron_shovel":2138,"minecraft:polished_deepslate":410,"minecraft:dispenser":14,"minecraft:ladder":57,"minecraft:oak_sign":28,"minecraft:chest":44,"minecraft:shield":10,"minecraft:stone":39,"minecraft:iron_sword":325,"minecraft:soul_sand":12,"minecraft:mutton":1,"minecraft:carrot":14,"minecraft:axolotl_bucket":3,"minecraft:stripped_spruce_log":73,"minecraft:obsidian":15,"minecraft:glass":1,"minecraft:lava_bucket":83,"minecraft:villager_spawn_egg":8,"minecraft:lantern":17,"minecraft:grass_block":140,"minecraft:item_frame":19,"minecraft:repeater":6,"minecraft:magma_block":12,"minecraft:bow":12,"minecraft:furnace":76,"minecraft:egg":1,"minecraft:potato":14,"minecraft:spruce_door":7,"minecraft:birch_leaves":2,"minecraft:red_stained_glass":2,"minecraft:stone_pickaxe":22,"minecraft:gray_carpet":16,"minecraft:oak_planks":87,"minecraft:wooden_pickaxe":8,"minecraft:composter":3,"minecraft:diamond_axe":54,"minecraft:cookie":7,"minecraft:netherite_helmet":1,"minecraft:dripstone_block":2,"minecraft:note_block":4,"minecraft:sticky_piston":16,"minecraft:lever":1,"minecraft:bread":25,"minecraft:string":12,"minecraft:stone_button":41,"minecraft:gravel":2,"minecraft:wooden_sword":13,"minecraft:smithing_table":1,"minecraft:oak_boat":10,"minecraft:oak_hanging_sign":3,"minecraft:cobweb":130,"minecraft:oak_trapdoor":14,"minecraft:stone_sword":53,"minecraft:flint_and_steel":53,"minecraft:redstone":16,"minecraft:light_gray_carpet":65,"minecraft:iron_ingot":7,"minecraft:ender_chest":3,"minecraft:cooked_chicken":1,"minecraft:stone_hoe":112,"minecraft:netherrack":10,"minecraft:trial_key":5,"minecraft:torch":82,"minecraft:dirt":318,"minecraft:anvil":4,"minecraft:hopper":6,"minecraft:granite":9,"minecraft:oak_stairs":1,"minecraft:red_candle":4,"minecraft:tripwire_hook":9,"minecraft:glowstone":2,"minecraft:iron_trapdoor":8,"minecraft:netherite_pickaxe":58,"minecraft:stone_pressure_plate":8,"minecraft:acacia_planks":4,"minecraft:cooked_beef":7,"minecraft:cobbled_deepslate":7,"minecraft:observer":4,"minecraft:enchanted_golden_apple":1,"minecraft:wheat_seeds":66,"minecraft:water_bucket":74,"minecraft:iron_ore":2,"minecraft:cauldron":2,"minecraft:spruce_sign":5,"minecraft:horse_spawn_egg":1,"minecraft:polished_deepslate_slab":2,"minecraft:mossy_cobblestone":4,"minecraft:comparator":3,"minecraft:tnt":3,"minecraft:oak_slab":2,"minecraft:crafting_table":12,"minecraft:white_bed":16,"minecraft:spruce_log":54,"minecraft:oak_log":214,"minecraft:diamond_pickaxe":151,"minecraft:apple":28,"minecraft:ominous_trial_key":3,"minecraft:wind_charge":27,"minecraft:oak_button":5,"minecraft:iron_pickaxe":486,"minecraft:netherite_axe":1,"minecraft:stone_slab":2,"minecraft:stone_axe":54,"minecraft:cobblestone":355,"minecraft:potion":2,"minecraft:bucket":63,"minecraft:yellow_bed":5,"minecraft:stripped_oak_log":177,"minecraft:splash_potion":1},"minecraft:dropped":{"minecraft:porkchop":6,"minecraft:cooked_beef":3,"minecraft:oak_log":68,"minecraft:diamond":9,"minecraft:crossbow":1,"minecraft:cookie":121,"minecraft:lantern":2,"minecraft:rail":1,"minecraft:emerald":173,"minecraft:dirt":14,"minecraft:stone_button":2,"minecraft:mutton":4,"minecraft:music_disc_precipice":3,"minecraft:netherite_boots":1,"minecraft:wooden_sword":1,"minecraft:bone_meal":1,"minecraft:iron_pickaxe":2,"minecraft:gold_ingot":93,"minecraft:bone":6,"minecraft:gravel":19,"minecraft:stone_axe":1,"minecraft:diamond_block":3,"minecraft:cooked_chicken":2,"minecraft:cobbled_deepslate":18,"minecraft:netherite_sword":3,"minecraft:wheat":47,"minecraft:pointed_dripstone":8,"minecraft:rotten_flesh":18,"minecraft:oak_planks":43,"minecraft:azure_bluet":2,"minecraft:white_bed":1,"minecraft:poppy":9,"minecraft:tipped_arrow":72,"minecraft:gunpowder":3,"minecraft:ladder":1,"minecraft:beef":1,"minecraft:netherrack":2,"minecraft:iron_ingot":29,"minecraft:bread":3,"minecraft:stripped_spruce_log":32,"minecraft:netherite_pickaxe":3,"minecraft:wheat_seeds":290,"minecraft:golden_helmet":1,"minecraft:netherite_axe":1,"minecraft:netherite_chestplate":2,"minecraft:netherite_helmet":2,"minecraft:oak_fence":1,"minecraft:cobblestone":28,"minecraft:apple":16,"minecraft:coal":10,"minecraft:stick":30,"minecraft:oxeye_daisy":1,"minecraft:iron_block":2,"minecraft:wooden_axe":1,"minecraft:potion":5,"minecraft:iron_leggings":1,"minecraft:string":8,"minecraft:tripwire_hook":1,"minecraft:bucket":4,"minecraft:polished_deepslate":88,"minecraft:dandelion":2,"minecraft:redstone":3,"minecraft:furnace":1,"minecraft:tuff_bricks":1,"minecraft:stone_sword":1,"minecraft:tuff":3,"minecraft:name_tag":1,"minecraft:oak_sign":1,"minecraft:glass_pane":11,"minecraft:pumpkin_seeds":8,"minecraft:netherite_leggings":3,"minecraft:flint_and_steel":1,"minecraft:diamond_sword":1,"minecraft:potato":36,"minecraft:stone":78,"minecraft:shield":1,"minecraft:trial_key":3,"minecraft:iron_chestplate":1,"minecraft:oak_sapling":11,"minecraft:oak_boat":2,"minecraft:wooden_shovel":1,"minecraft:slime_ball":33,"minecraft:stone_pickaxe":1,"minecraft:wooden_pickaxe":1,"minecraft:brick":8},"minecraft:picked_up":{"minecraft:iron_chestplate":1,"minecraft:wheat":15,"minecraft:anvil":2,"minecraft:diamond_sword":2,"minecraft:oak_stairs":1,"minecraft:potion":8,"minecraft:enchanted_book":1,"minecraft:polished_deepslate":80,"minecraft:string":11,"minecraft:red_candle":4,"minecraft:oak_sign":2,"minecraft:diamond_leggings":1,"minecraft:cobbled_deepslate":25,"minecraft:comparator":1,"minecraft:bucket":2,"minecraft:trial_key":5,"minecraft:iron_pickaxe":2,"minecraft:enchanted_golden_apple":1,"minecraft:furnace":4,"minecraft:tipped_arrow":1229,"minecraft:stick":56,"minecraft:composter":1,"minecraft:oak_fence":1,"minecraft:torch":35,"minecraft:porkchop":8,"minecraft:pointed_dripstone":8,"minecraft:goat_horn":1,"minecraft:stone_sword":1,"minecraft:rotten_flesh":27,"minecraft:honey_bottle":4,"minecraft:iron_block":7,"minecraft:cobblestone":283,"minecraft:feather":2,"minecraft:cooked_beef":12,"minecraft:water_bucket":10,"minecraft:andesite":4,"minecraft:potato":13,"minecraft:tuff":3,"minecraft:dirt":1057,"minecraft:lantern":5,"minecraft:bone":8,"minecraft:chipped_anvil":1,"minecraft:acacia_planks":2,"minecraft:wheat_seeds":179,"minecraft:grindstone":1,"minecraft:bolt_armor_trim_smithing_template":1,"minecraft:guster_banner_pattern":2,"minecraft:oak_planks":174,"minecraft:axolotl_bucket":1,"minecraft:diamond_block":3,"minecraft:mossy_cobblestone":5,"minecraft:diamond":14,"minecraft:netherite_helmet":1,"minecraft:crossbow":1,"minecraft:breeze_rod":4,"minecraft:granite":9,"minecraft:bone_meal":1,"minecraft:emerald":110,"minecraft:bread":9,"minecraft:music_disc_precipice":3,"minecraft:light_gray_carpet":17,"minecraft:oak_sapling":12,"minecraft:netherrack":179,"minecraft:crafting_table":5,"minecraft:azure_bluet":4,"minecraft:ominous_bottle":1,"minecraft:brick":8,"minecraft:wind_charge":35,"minecraft:oak_trapdoor":3,"minecraft:flow_banner_pattern":1,"minecraft:flint_and_steel":1,"minecraft:netherite_scrap":1,"minecraft:item_frame":2,"minecraft:netherite_sword":1,"minecraft:beef":7,"minecraft:oak_boat":10,"minecraft:poppy":9,"minecraft:egg":1,"minecraft:raw_iron":10,"minecraft:stone_button":4,"minecraft:carrot":14,"minecraft:redstone":2,"minecraft:netherite_pickaxe":1,"minecraft:arrow":55,"minecraft:hay_block":5,"minecraft:gold_ingot":64,"minecraft:tuff_bricks":1,"minecraft:mutton":5,"minecraft:rail":1,"minecraft:white_wool":2,"minecraft:oxeye_daisy":1,"minecraft:stripped_oak_log":2,"minecraft:tripwire_hook":3,"minecraft:oak_log":109,"minecraft:ancient_debris":11,"minecraft:golden_boots":1,"minecraft:yellow_bed":5,"minecraft:gunpowder":3,"minecraft:iron_ingot":21,"minecraft:cooked_chicken":3,"minecraft:dandelion":6,"minecraft:dripstone_block":2,"minecraft:gravel":21,"minecraft:white_bed":7,"minecraft:spruce_door":1,"minecraft:spider_eye":2,"minecraft:pumpkin_seeds":8,"minecraft:slime_ball":34,"minecraft:diamond_axe":2,"minecraft:coal":22},"minecraft:killed_by":{"minecraft:cave_spider":1,"minecraft:zombie":3,"minecraft:player":10,"minecraft:spider":1,"minecraft:enderman":1,"minecraft:iron_golem":3,"minecraft:skeleton":3},"minecraft:killed":{"minecraft:spider":3,"minecraft:skeleton":4,"minecraft:chicken":1,"minecraft:wolf":1,"minecraft:zombie_villager":2,"minecraft:iron_golem":2,"minecraft:sheep":1,"minecraft:zombie":24,"minecraft:slime":9,"minecraft:breeze":2,"minecraft:villager":9,"minecraft:enderman":1},"minecraft:broken":{"minecraft:iron_shovel":2,"minecraft:iron_boots":1,"minecraft:iron_leggings":1,"minecraft:iron_pickaxe":1,"minecraft:iron_helmet":2},"minecraft:custom":{"minecraft:interact_with_crafting_table":70,"minecraft:open_barrel":1,"minecraft:bell_ring":3,"minecraft:leave_game":8,"minecraft:time_since_death":62905,"minecraft:damage_resisted":95,"minecraft:sprint_one_cm":329672,"minecraft:damage_blocked_by_shield":390,"minecraft:drop":512,"minecraft:talked_to_villager":31,"minecraft:play_time":460323,"minecraft:deaths":40,"minecraft:jump":4663,"minecraft:interact_with_brewingstand":1,"minecraft:walk_on_water_one_cm":70132,"minecraft:interact_with_furnace":29,"minecraft:traded_with_villager":44,"minecraft:sleep_in_bed":13,"minecraft:open_enderchest":2,"minecraft:damage_dealt":14919,"minecraft:player_kills":13,"minecraft:crouch_one_cm":170612,"minecraft:inspect_dispenser":29,"minecraft:horse_one_cm":39223,"minecraft:interact_with_smithing_table":30,"minecraft:mob_kills":63,"minecraft:interact_with_anvil":2,"minecraft:inspect_hopper":1,"minecraft:fill_cauldron":2,"minecraft:climb_one_cm":15046,"minecraft:walk_one_cm":755661,"minecraft:sneak_time":44514,"minecraft:walk_under_water_one_cm":26379,"minecraft:boat_one_cm":17444,"minecraft:total_world_time":460323,"minecraft:tune_noteblock":61,"minecraft:time_since_rest":62927,"minecraft:damage_taken":14207,"minecraft:damage_absorbed":159,"minecraft:swim_one_cm":11391,"minecraft:fly_one_cm":1795272,"minecraft:open_chest":62,"minecraft:fall_one_cm":184826}},"DataVersion":3953}