{"stats":{"minecraft:crafted":{"minecraft:oak_planks":368,"minecraft:oak_sign":3,"minecraft:blaze_powder":4,"minecraft:warped_planks":32,"minecraft:diamond_helmet":1,"minecraft:diamond_leggings":2,"minecraft:iron_boots":1,"minecraft:netherite_boots":1,"minecraft:chest":2,"minecraft:netherite_helmet":1,"minecraft:stone_hoe":1,"minecraft:ender_eye":1,"minecraft:wooden_shovel":1,"minecraft:emerald":25,"minecraft:crafting_table":7,"minecraft:wooden_pickaxe":1,"minecraft:iron_helmet":1,"minecraft:apple":44,"minecraft:iron_chestplate":1,"minecraft:diamond_pickaxe":1,"minecraft:shield":2,"minecraft:stick":140,"minecraft:iron_ingot":3,"minecraft:iron_pickaxe":1,"minecraft:stone_sword":1,"minecraft:netherite_ingot":3,"minecraft:wooden_sword":1,"minecraft:cookie":128,"minecraft:netherite_sword":1,"minecraft:netherite_chestplate":1,"minecraft:netherite_axe":1,"minecraft:netherite_leggings":1,"minecraft:ladder":9,"minecraft:stone_pickaxe":1,"minecraft:diamond_boots":2,"minecraft:netherite_scrap":13,"minecraft:wheat":45,"minecraft:cooked_beef":6,"minecraft:netherite_pickaxe":1,"minecraft:iron_sword":1,"minecraft:stone_axe":1,"minecraft:bread":15,"minecraft:air":0,"minecraft:oak_boat":4,"minecraft:wooden_axe":1,"minecraft:iron_shovel":1,"minecraft:iron_leggings":1,"minecraft:anvil":1,"minecraft:acacia_planks":4,"minecraft:torch":44,"minecraft:diamond_chestplate":1},"minecraft:mined":{"minecraft:white_bed":7,"minecraft:farmland":3,"minecraft:obsidian":2,"minecraft:potted_dead_bush":1,"minecraft:granite":17,"minecraft:grass_block":1016,"minecraft:composter":1,"minecraft:nether_wart":10,"minecraft:oak_wall_sign":1,"minecraft:oxeye_daisy":1,"minecraft:tuff_bricks":2,"minecraft:spawner":1,"minecraft:magma_block":2,"minecraft:iron_ore":3,"minecraft:cobbled_deepslate":3,"minecraft:fire":28,"minecraft:polished_tuff":1,"minecraft:anvil":2,"minecraft:pointed_dripstone":5,"minecraft:dirt_path":3,"minecraft:iron_bars":4,"minecraft:oak_stairs":1,"minecraft:clay":3,"minecraft:torch":17,"minecraft:poppy":1,"minecraft:spruce_wall_sign":1,"minecraft:cobblestone":85,"minecraft:grindstone":1,"minecraft:oak_planks":15,"minecraft:waxed_chiseled_copper":1,"minecraft:wall_torch":11,"minecraft:red_candle":1,"minecraft:wheat":30,"minecraft:oak_log":45,"minecraft:dirt":929,"minecraft:netherrack":390,"minecraft:ancient_debris":2,"minecraft:oak_leaves":11,"minecraft:deepslate":40,"minecraft:nether_gold_ore":1,"minecraft:tuff":7,"minecraft:mossy_cobblestone":3,"minecraft:deepslate_diamond_ore":8,"minecraft:red_stained_glass":1,"minecraft:end_stone":4,"minecraft:glow_lichen":1,"minecraft:nether_bricks":5,"minecraft:decorated_pot":16,"minecraft:moss_block":2,"minecraft:hay_block":1,"minecraft:oak_trapdoor":3,"minecraft:furnace":4,"minecraft:carrots":4,"minecraft:waxed_copper_grate":2,"minecraft:polished_deepslate":2,"minecraft:potatoes":4,"minecraft:deepslate_iron_ore":7,"minecraft:vine":1,"minecraft:warped_stem":9,"minecraft:stripped_oak_log":2,"minecraft:stone":177,"minecraft:light_gray_carpet":1,"minecraft:spruce_door":1,"minecraft:dandelion":4,"minecraft:crafting_table":5,"minecraft:short_grass":168,"minecraft:tall_grass":26,"minecraft:copper_ore":1,"minecraft:lapis_ore":2,"minecraft:diorite":1,"minecraft:waxed_oxidized_copper_grate":3,"minecraft:birch_leaves":7,"minecraft:yellow_bed":5,"minecraft:gravel":30,"minecraft:dripstone_block":2,"minecraft:cobweb":2,"minecraft:cracked_stone_bricks":1,"minecraft:stone_bricks":2,"minecraft:mossy_stone_bricks":1,"minecraft:chipped_anvil":1},"minecraft:used":{"minecraft:writable_book":3,"minecraft:iron_shovel":2138,"minecraft:polished_deepslate":413,"minecraft:dispenser":18,"minecraft:ladder":57,"minecraft:oak_sign":28,"minecraft:shield":10,"minecraft:chest":44,"minecraft:stone":41,"minecraft:iron_sword":325,"minecraft:soul_sand":12,"minecraft:mutton":1,"minecraft:carrot":14,"minecraft:axolotl_bucket":3,"minecraft:stripped_spruce_log":73,"minecraft:obsidian":15,"minecraft:glass":1,"minecraft:lava_bucket":83,"minecraft:villager_spawn_egg":8,"minecraft:grass_block":140,"minecraft:lantern":17,"minecraft:bedrock":7,"minecraft:item_frame":19,"minecraft:repeater":6,"minecraft:magma_block":12,"minecraft:bow":12,"minecraft:furnace":76,"minecraft:egg":1,"minecraft:potato":14,"minecraft:spruce_door":7,"minecraft:birch_leaves":2,"minecraft:red_stained_glass":2,"minecraft:stone_pickaxe":22,"minecraft:gray_carpet":16,"minecraft:oak_planks":245,"minecraft:ender_pearl":27,"minecraft:wooden_pickaxe":8,"minecraft:composter":3,"minecraft:diamond_axe":54,"minecraft:cookie":7,"minecraft:crossbow":39,"minecraft:netherite_helmet":1,"minecraft:note_block":4,"minecraft:dripstone_block":2,"minecraft:sticky_piston":16,"minecraft:lever":1,"minecraft:bread":25,"minecraft:string":12,"minecraft:stone_button":41,"minecraft:gravel":5,"minecraft:wooden_sword":13,"minecraft:smithing_table":1,"minecraft:oak_boat":12,"minecraft:oak_hanging_sign":3,"minecraft:cobweb":130,"minecraft:netherite_sword":160,"minecraft:oak_trapdoor":14,"minecraft:trident":36,"minecraft:stone_sword":53,"minecraft:flint_and_steel":54,"minecraft:redstone":16,"minecraft:light_gray_carpet":75,"minecraft:iron_ingot":7,"minecraft:ender_chest":3,"minecraft:trial_key":5,"minecraft:stone_hoe":112,"minecraft:cooked_chicken":1,"minecraft:netherrack":10,"minecraft:torch":82,"minecraft:dirt":319,"minecraft:anvil":6,"minecraft:hopper":6,"minecraft:granite":9,"minecraft:oak_stairs":1,"minecraft:red_candle":4,"minecraft:tripwire_hook":9,"minecraft:glowstone":2,"minecraft:iron_trapdoor":8,"minecraft:netherite_pickaxe":169,"minecraft:stone_pressure_plate":8,"minecraft:cooked_beef":9,"minecraft:cobbled_deepslate":7,"minecraft:acacia_planks":4,"minecraft:observer":4,"minecraft:enchanted_golden_apple":23,"minecraft:wheat_seeds":66,"minecraft:water_bucket":88,"minecraft:iron_ore":2,"minecraft:spruce_sign":5,"minecraft:cauldron":2,"minecraft:horse_spawn_egg":1,"minecraft:mossy_cobblestone":4,"minecraft:polished_deepslate_slab":2,"minecraft:comparator":3,"minecraft:tnt":12,"minecraft:oak_slab":2,"minecraft:crafting_table":12,"minecraft:white_bed":26,"minecraft:spruce_log":54,"minecraft:warped_planks":5,"minecraft:oak_log":214,"minecraft:ender_eye":32,"minecraft:diamond_pickaxe":151,"minecraft:apple":28,"minecraft:ominous_trial_key":3,"minecraft:wind_charge":27,"minecraft:oak_button":5,"minecraft:iron_pickaxe":486,"minecraft:netherite_axe":12,"minecraft:stone_slab":2,"minecraft:stone_axe":54,"minecraft:cobblestone":397,"minecraft:potion":2,"minecraft:bucket":77,"minecraft:yellow_bed":5,"minecraft:stripped_oak_log":177,"minecraft:splash_potion":1},"minecraft:dropped":{"minecraft:porkchop":6,"minecraft:cooked_beef":34,"minecraft:oak_log":68,"minecraft:ender_pearl":16,"minecraft:diamond":9,"minecraft:crossbow":1,"minecraft:cookie":121,"minecraft:lantern":2,"minecraft:rail":1,"minecraft:emerald":173,"minecraft:dirt":14,"minecraft:stone_button":2,"minecraft:mutton":4,"minecraft:music_disc_precipice":3,"minecraft:netherite_boots":3,"minecraft:wooden_sword":1,"minecraft:writable_book":1,"minecraft:bone_meal":1,"minecraft:iron_pickaxe":2,"minecraft:gold_ingot":93,"minecraft:bone":6,"minecraft:gravel":19,"minecraft:stone_axe":1,"minecraft:diamond_block":3,"minecraft:cooked_chicken":2,"minecraft:cobbled_deepslate":22,"minecraft:netherite_sword":3,"minecraft:wheat":47,"minecraft:pointed_dripstone":8,"minecraft:rotten_flesh":18,"minecraft:oak_planks":114,"minecraft:enchanted_golden_apple":6,"minecraft:end_stone":3,"minecraft:azure_bluet":2,"minecraft:white_bed":2,"minecraft:warped_planks":27,"minecraft:poppy":9,"minecraft:tipped_arrow":72,"minecraft:gunpowder":3,"minecraft:ladder":1,"minecraft:iron_bars":1,"minecraft:beef":1,"minecraft:netherrack":2,"minecraft:iron_ingot":29,"minecraft:bread":3,"minecraft:stripped_spruce_log":32,"minecraft:netherite_pickaxe":3,"minecraft:wheat_seeds":290,"minecraft:golden_helmet":1,"minecraft:diamond_leggings":2,"minecraft:netherite_helmet":3,"minecraft:netherite_axe":1,"minecraft:netherite_chestplate":4,"minecraft:oak_fence":1,"minecraft:cobblestone":28,"minecraft:apple":16,"minecraft:granite":8,"minecraft:coal":10,"minecraft:stick":30,"minecraft:oxeye_daisy":1,"minecraft:iron_block":2,"minecraft:wooden_axe":1,"minecraft:potion":5,"minecraft:iron_leggings":1,"minecraft:string":8,"minecraft:tripwire_hook":1,"minecraft:bucket":4,"minecraft:dandelion":2,"minecraft:redstone":3,"minecraft:polished_deepslate":88,"minecraft:furnace":1,"minecraft:tuff_bricks":1,"minecraft:stone_sword":1,"minecraft:tuff":3,"minecraft:name_tag":1,"minecraft:nether_bricks":5,"minecraft:oak_sign":1,"minecraft:glass_pane":11,"minecraft:pumpkin_seeds":8,"minecraft:netherite_leggings":3,"minecraft:flint_and_steel":1,"minecraft:diamond_sword":2,"minecraft:potato":36,"minecraft:stone":78,"minecraft:shield":1,"minecraft:trial_key":3,"minecraft:iron_chestplate":1,"minecraft:diamond_pickaxe":1,"minecraft:oak_sapling":11,"minecraft:oak_boat":2,"minecraft:wooden_shovel":1,"minecraft:slime_ball":33,"minecraft:stone_pickaxe":1,"minecraft:wooden_pickaxe":1,"minecraft:brick":8},"minecraft:picked_up":{"minecraft:iron_chestplate":1,"minecraft:wheat":15,"minecraft:anvil":2,"minecraft:diamond_sword":2,"minecraft:oak_stairs":1,"minecraft:potion":8,"minecraft:enchanted_book":1,"minecraft:polished_deepslate":80,"minecraft:string":11,"minecraft:raw_copper":4,"minecraft:red_candle":4,"minecraft:oak_sign":2,"minecraft:diamond_leggings":2,"minecraft:cobbled_deepslate":29,"minecraft:comparator":1,"minecraft:bucket":2,"minecraft:trial_key":5,"minecraft:ender_eye":9,"minecraft:iron_pickaxe":2,"minecraft:enchanted_golden_apple":1,"minecraft:furnace":4,"minecraft:tipped_arrow":1229,"minecraft:stick":56,"minecraft:composter":1,"minecraft:oak_fence":1,"minecraft:torch":35,"minecraft:porkchop":8,"minecraft:pointed_dripstone":8,"minecraft:goat_horn":1,"minecraft:stone_sword":1,"minecraft:rotten_flesh":27,"minecraft:honey_bottle":4,"minecraft:iron_block":7,"minecraft:netherite_chestplate":1,"minecraft:blaze_rod":2,"minecraft:obsidian":2,"minecraft:iron_bars":11,"minecraft:cobblestone":328,"minecraft:feather":2,"minecraft:cooked_beef":28,"minecraft:water_bucket":10,"minecraft:andesite":4,"minecraft:potato":13,"minecraft:flint":2,"minecraft:tuff":3,"minecraft:lapis_lazuli":44,"minecraft:dirt":1061,"minecraft:lantern":5,"minecraft:bone":8,"minecraft:chipped_anvil":1,"minecraft:acacia_planks":2,"minecraft:wheat_seeds":179,"minecraft:grindstone":1,"minecraft:bolt_armor_trim_smithing_template":1,"minecraft:guster_banner_pattern":2,"minecraft:oak_planks":175,"minecraft:axolotl_bucket":1,"minecraft:diamond_block":3,"minecraft:mossy_cobblestone":5,"minecraft:diamond":14,"minecraft:netherite_helmet":1,"minecraft:writable_book":1,"minecraft:granite":17,"minecraft:crossbow":1,"minecraft:breeze_rod":4,"minecraft:bone_meal":1,"minecraft:spruce_sign":1,"minecraft:emerald":110,"minecraft:bread":9,"minecraft:music_disc_precipice":3,"minecraft:oak_sapling":12,"minecraft:light_gray_carpet":17,"minecraft:netherrack":179,"minecraft:crafting_table":5,"minecraft:azure_bluet":4,"minecraft:ominous_bottle":1,"minecraft:nether_wart":10,"minecraft:brick":8,"minecraft:wind_charge":35,"minecraft:oak_trapdoor":3,"minecraft:flow_banner_pattern":1,"minecraft:flint_and_steel":1,"minecraft:netherite_scrap":1,"minecraft:item_frame":2,"minecraft:netherite_sword":1,"minecraft:beef":7,"minecraft:oak_boat":12,"minecraft:poppy":9,"minecraft:egg":1,"minecraft:raw_iron":10,"minecraft:end_stone":5,"minecraft:stone_button":4,"minecraft:carrot":14,"minecraft:redstone":2,"minecraft:netherite_pickaxe":1,"minecraft:arrow":55,"minecraft:nether_bricks":5,"minecraft:hay_block":5,"minecraft:gold_ingot":64,"minecraft:tuff_bricks":1,"minecraft:mutton":5,"minecraft:rail":1,"minecraft:white_wool":2,"minecraft:oxeye_daisy":1,"minecraft:stripped_oak_log":2,"minecraft:netherite_boots":1,"minecraft:tripwire_hook":3,"minecraft:oak_log":109,"minecraft:ancient_debris":11,"minecraft:yellow_bed":5,"minecraft:golden_boots":1,"minecraft:gunpowder":3,"minecraft:warped_stem":8,"minecraft:iron_ingot":21,"minecraft:cooked_chicken":3,"minecraft:dandelion":6,"minecraft:dripstone_block":2,"minecraft:gravel":24,"minecraft:white_bed":8,"minecraft:spruce_door":1,"minecraft:spider_eye":2,"minecraft:pumpkin_seeds":8,"minecraft:slime_ball":34,"minecraft:diamond_axe":2,"minecraft:warped_roots":2,"minecraft:coal":22,"minecraft:ender_pearl":8},"minecraft:killed_by":{"minecraft:cave_spider":1,"minecraft:zombie":3,"minecraft:player":10,"minecraft:spider":1,"minecraft:enderman":1,"minecraft:iron_golem":3,"minecraft:ender_dragon":4,"minecraft:skeleton":3},"minecraft:killed":{"minecraft:spider":3,"minecraft:skeleton":4,"minecraft:chicken":1,"minecraft:silverfish":20,"minecraft:wolf":1,"minecraft:zombie_villager":2,"minecraft:iron_golem":2,"minecraft:sheep":1,"minecraft:zombie":24,"minecraft:blaze":11,"minecraft:slime":9,"minecraft:breeze":2,"minecraft:wither_skeleton":1,"minecraft:villager":9,"minecraft:enderman":10},"minecraft:broken":{"minecraft:iron_shovel":2,"minecraft:iron_boots":1,"minecraft:iron_leggings":1,"minecraft:iron_pickaxe":1,"minecraft:iron_helmet":2},"minecraft:custom":{"minecraft:interact_with_crafting_table":72,"minecraft:open_barrel":1,"minecraft:bell_ring":3,"minecraft:leave_game":9,"minecraft:time_since_death":2881,"minecraft:damage_resisted":1423,"minecraft:sprint_one_cm":428021,"minecraft:damage_blocked_by_shield":390,"minecraft:drop":540,"minecraft:talked_to_villager":31,"minecraft:play_time":554303,"minecraft:deaths":45,"minecraft:jump":5949,"minecraft:interact_with_brewingstand":1,"minecraft:walk_on_water_one_cm":102589,"minecraft:enchant_item":1,"minecraft:interact_with_furnace":29,"minecraft:traded_with_villager":44,"minecraft:sleep_in_bed":14,"minecraft:open_enderchest":2,"minecraft:damage_dealt":21929,"minecraft:player_kills":13,"minecraft:crouch_one_cm":181611,"minecraft:inspect_dispenser":33,"minecraft:horse_one_cm":39223,"minecraft:interact_with_smithing_table":34,"minecraft:interact_with_anvil":5,"minecraft:mob_kills":107,"minecraft:inspect_hopper":1,"minecraft:fill_cauldron":2,"minecraft:climb_one_cm":22306,"minecraft:walk_one_cm":881848,"minecraft:sneak_time":50345,"minecraft:walk_under_water_one_cm":34612,"minecraft:boat_one_cm":29055,"minecraft:total_world_time":554303,"minecraft:tune_noteblock":73,"minecraft:time_since_rest":2904,"minecraft:damage_absorbed":2621,"minecraft:damage_taken":18156,"minecraft:swim_one_cm":11391,"minecraft:fly_one_cm":2973963,"minecraft:open_chest":80,"minecraft:fall_one_cm":252765}},"DataVersion":3953}