{"stats":{"minecraft:mined":{"minecraft:grass":4},"minecraft:used":{"minecraft:wooden_axe":5},"minecraft:custom":{"minecraft:jump":19,"minecraft:time_since_rest":3161,"minecraft:damage_dealt":10,"minecraft:crouch_one_cm":14,"minecraft:play_time":3161,"minecraft:leave_game":2,"minecraft:sprint_one_cm":685,"minecraft:time_since_death":3161,"minecraft:walk_one_cm":3015,"minecraft:sneak_time":30,"minecraft:climb_one_cm":218,"minecraft:total_world_time":3161,"minecraft:fly_one_cm":4387}},"DataVersion":3465}