{"stats":{"minecraft:used":{"minecraft:oak_trapdoor":5,"minecraft:stone_sword":53,"minecraft:iron_shovel":2138,"minecraft:flint_and_steel":51,"minecraft:shield":7,"minecraft:ender_chest":3,"minecraft:iron_sword":240,"minecraft:stone":18,"minecraft:stone_hoe":112,"minecraft:trial_key":5,"minecraft:torch":77,"minecraft:dirt":196,"minecraft:mutton":1,"minecraft:carrot":14,"minecraft:granite":9,"minecraft:glass":1,"minecraft:villager_spawn_egg":8,"minecraft:oak_stairs":1,"minecraft:red_candle":4,"minecraft:bow":12,"minecraft:furnace":3,"minecraft:potato":14,"minecraft:cooked_beef":5,"minecraft:cobbled_deepslate":7,"minecraft:acacia_planks":4,"minecraft:enchanted_golden_apple":1,"minecraft:wheat_seeds":66,"minecraft:water_bucket":64,"minecraft:iron_ore":2,"minecraft:red_stained_glass":2,"minecraft:stone_pickaxe":22,"minecraft:oak_planks":79,"minecraft:wooden_pickaxe":8,"minecraft:composter":3,"minecraft:diamond_axe":12,"minecraft:mossy_cobblestone":4,"minecraft:crafting_table":10,"minecraft:white_bed":7,"minecraft:dripstone_block":2,"minecraft:oak_log":31,"minecraft:apple":13,"minecraft:ominous_trial_key":3,"minecraft:wind_charge":22,"minecraft:bread":25,"minecraft:iron_pickaxe":212,"minecraft:stone_axe":54,"minecraft:wooden_sword":13,"minecraft:cobblestone":338,"minecraft:bucket":57,"minecraft:yellow_bed":5,"minecraft:oak_boat":10},"minecraft:mined":{"minecraft:tuff":3,"minecraft:white_bed":6,"minecraft:farmland":3,"minecraft:mossy_cobblestone":3,"minecraft:deepslate_diamond_ore":8,"minecraft:red_stained_glass":1,"minecraft:glow_lichen":1,"minecraft:granite":9,"minecraft:grass_block":1010,"minecraft:decorated_pot":14,"minecraft:composter":1,"minecraft:oxeye_daisy":1,"minecraft:tuff_bricks":2,"minecraft:hay_block":1,"minecraft:oak_trapdoor":3,"minecraft:carrots":4,"minecraft:furnace":4,"minecraft:waxed_copper_grate":2,"minecraft:iron_ore":2,"minecraft:fire":8,"minecraft:cobbled_deepslate":2,"minecraft:polished_tuff":1,"minecraft:potatoes":4,"minecraft:pointed_dripstone":5,"minecraft:dirt_path":3,"minecraft:deepslate_iron_ore":7,"minecraft:oak_stairs":1,"minecraft:stone":56,"minecraft:dandelion":3,"minecraft:crafting_table":5,"minecraft:torch":17,"minecraft:short_grass":122,"minecraft:poppy":1,"minecraft:tall_grass":17,"minecraft:cobblestone":82,"minecraft:grindstone":1,"minecraft:waxed_chiseled_copper":1,"minecraft:oak_planks":12,"minecraft:wall_torch":11,"minecraft:red_candle":1,"minecraft:waxed_oxidized_copper_grate":3,"minecraft:wheat":29,"minecraft:yellow_bed":5,"minecraft:oak_log":39,"minecraft:gravel":23,"minecraft:dripstone_block":2,"minecraft:dirt":927,"minecraft:cobweb":2,"minecraft:oak_leaves":11,"minecraft:deepslate":23},"minecraft:crafted":{"minecraft:wooden_sword":1,"minecraft:oak_planks":112,"minecraft:iron_boots":1,"minecraft:stone_pickaxe":1,"minecraft:stone_hoe":1,"minecraft:wheat":45,"minecraft:cooked_beef":6,"minecraft:wooden_shovel":1,"minecraft:emerald":25,"minecraft:crafting_table":5,"minecraft:wooden_pickaxe":1,"minecraft:iron_helmet":1,"minecraft:iron_sword":1,"minecraft:stone_axe":1,"minecraft:bread":15,"minecraft:air":0,"minecraft:apple":44,"minecraft:oak_boat":3,"minecraft:iron_chestplate":1,"minecraft:shield":2,"minecraft:stick":32,"minecraft:iron_ingot":3,"minecraft:iron_pickaxe":1,"minecraft:wooden_axe":1,"minecraft:stone_sword":1,"minecraft:iron_shovel":1,"minecraft:iron_leggings":1,"minecraft:acacia_planks":4,"minecraft:torch":44},"minecraft:broken":{"minecraft:iron_shovel":2,"minecraft:iron_helmet":1},"minecraft:killed":{"minecraft:spider":3,"minecraft:slime":9,"minecraft:skeleton":2,"minecraft:wolf":1,"minecraft:zombie_villager":2,"minecraft:iron_golem":2,"minecraft:sheep":1,"minecraft:zombie":18,"minecraft:breeze":1,"minecraft:villager":9},"minecraft:dropped":{"minecraft:iron_ingot":29,"minecraft:porkchop":6,"minecraft:wheat_seeds":288,"minecraft:cooked_beef":3,"minecraft:oak_log":5,"minecraft:diamond":4,"minecraft:oak_fence":1,"minecraft:cobblestone":23,"minecraft:rail":1,"minecraft:coal":4,"minecraft:stick":2,"minecraft:emerald":4,"minecraft:oxeye_daisy":1,"minecraft:iron_block":2,"minecraft:dirt":14,"minecraft:mutton":4,"minecraft:wooden_axe":1,"minecraft:music_disc_precipice":3,"minecraft:potion":1,"minecraft:iron_leggings":1,"minecraft:bone_meal":1,"minecraft:wooden_sword":1,"minecraft:iron_pickaxe":1,"minecraft:string":8,"minecraft:bucket":2,"minecraft:dandelion":2,"minecraft:bone":6,"minecraft:gravel":19,"minecraft:furnace":1,"minecraft:tuff_bricks":1,"minecraft:diamond_block":3,"minecraft:cooked_chicken":2,"minecraft:stone_sword":1,"minecraft:cobbled_deepslate":18,"minecraft:tuff":3,"minecraft:wheat":47,"minecraft:pointed_dripstone":8,"minecraft:rotten_flesh":15,"minecraft:oak_planks":43,"minecraft:white_bed":1,"minecraft:pumpkin_seeds":8,"minecraft:flint_and_steel":1,"minecraft:diamond_sword":1,"minecraft:poppy":9,"minecraft:potato":36,"minecraft:tipped_arrow":8,"minecraft:stone":78,"minecraft:shield":1,"minecraft:gunpowder":3,"minecraft:trial_key":3,"minecraft:iron_chestplate":1,"minecraft:oak_boat":2,"minecraft:oak_sapling":11,"minecraft:wooden_shovel":1,"minecraft:slime_ball":33,"minecraft:stone_pickaxe":1,"minecraft:wooden_pickaxe":1,"minecraft:beef":1,"minecraft:brick":8},"minecraft:custom":{"minecraft:mob_kills":49,"minecraft:interact_with_crafting_table":27,"minecraft:bell_ring":3,"minecraft:leave_game":2,"minecraft:time_since_death":31559,"minecraft:damage_resisted":95,"minecraft:climb_one_cm":1055,"minecraft:sprint_one_cm":243138,"minecraft:walk_one_cm":464644,"minecraft:damage_blocked_by_shield":315,"minecraft:drop":394,"minecraft:talked_to_villager":26,"minecraft:play_time":232573,"minecraft:sneak_time":22692,"minecraft:deaths":26,"minecraft:walk_under_water_one_cm":23566,"minecraft:boat_one_cm":17444,"minecraft:interact_with_brewingstand":1,"minecraft:jump":3219,"minecraft:walk_on_water_one_cm":45899,"minecraft:total_world_time":232573,"minecraft:interact_with_furnace":17,"minecraft:traded_with_villager":36,"minecraft:sleep_in_bed":8,"minecraft:time_since_rest":29498,"minecraft:damage_absorbed":159,"minecraft:damage_taken":11447,"minecraft:open_enderchest":2,"minecraft:damage_dealt":11372,"minecraft:player_kills":10,"minecraft:swim_one_cm":9732,"minecraft:fly_one_cm":683271,"minecraft:open_chest":15,"minecraft:crouch_one_cm":112227,"minecraft:fall_one_cm":137734},"minecraft:killed_by":{"minecraft:player":9,"minecraft:spider":1,"minecraft:enderman":1,"minecraft:iron_golem":3,"minecraft:cave_spider":1,"minecraft:skeleton":3,"minecraft:zombie":1},"minecraft:picked_up":{"minecraft:crafting_table":5,"minecraft:iron_chestplate":1,"minecraft:wheat":14,"minecraft:azure_bluet":2,"minecraft:ominous_bottle":1,"minecraft:diamond_sword":1,"minecraft:oak_stairs":1,"minecraft:potion":4,"minecraft:enchanted_book":1,"minecraft:brick":8,"minecraft:wind_charge":35,"minecraft:string":10,"minecraft:oak_trapdoor":3,"minecraft:flow_banner_pattern":1,"minecraft:flint_and_steel":1,"minecraft:red_candle":4,"minecraft:cobbled_deepslate":24,"minecraft:bucket":2,"minecraft:beef":7,"minecraft:trial_key":5,"minecraft:oak_boat":10,"minecraft:iron_pickaxe":1,"minecraft:poppy":9,"minecraft:enchanted_golden_apple":1,"minecraft:furnace":4,"minecraft:tipped_arrow":8,"minecraft:raw_iron":9,"minecraft:composter":1,"minecraft:oak_fence":1,"minecraft:torch":33,"minecraft:porkchop":8,"minecraft:pointed_dripstone":8,"minecraft:carrot":14,"minecraft:stone_sword":1,"minecraft:arrow":30,"minecraft:honey_bottle":4,"minecraft:rotten_flesh":21,"minecraft:hay_block":5,"minecraft:iron_block":4,"minecraft:tuff_bricks":1,"minecraft:mutton":5,"minecraft:rail":1,"minecraft:white_wool":1,"minecraft:cobblestone":206,"minecraft:oxeye_daisy":1,"minecraft:cooked_beef":9,"minecraft:water_bucket":1,"minecraft:potato":13,"minecraft:tuff":3,"minecraft:oak_log":40,"minecraft:yellow_bed":5,"minecraft:gunpowder":3,"minecraft:dirt":1010,"minecraft:bone":8,"minecraft:acacia_planks":2,"minecraft:wheat_seeds":174,"minecraft:iron_ingot":17,"minecraft:grindstone":1,"minecraft:cooked_chicken":2,"minecraft:bolt_armor_trim_smithing_template":1,"minecraft:guster_banner_pattern":2,"minecraft:oak_planks":68,"minecraft:dandelion":6,"minecraft:dripstone_block":2,"minecraft:gravel":19,"minecraft:white_bed":6,"minecraft:diamond_block":3,"minecraft:mossy_cobblestone":5,"minecraft:pumpkin_seeds":8,"minecraft:slime_ball":34,"minecraft:diamond":13,"minecraft:granite":9,"minecraft:breeze_rod":1,"minecraft:diamond_axe":2,"minecraft:bone_meal":1,"minecraft:bread":3,"minecraft:emerald":29,"minecraft:music_disc_precipice":3,"minecraft:oak_sapling":11,"minecraft:coal":19}},"DataVersion":3953}