{"stats":{"minecraft:used":{"minecraft:bread":7,"minecraft:stone_pickaxe":7,"minecraft:wooden_pickaxe":8,"minecraft:torch":1,"minecraft:stone_axe":11,"minecraft:wooden_sword":13,"minecraft:crafting_table":2,"minecraft:potato":1},"minecraft:picked_up":{"minecraft:crafting_table":1,"minecraft:oak_stairs":1,"minecraft:oak_log":13,"minecraft:yellow_bed":1,"minecraft:white_bed":1,"minecraft:dirt":1,"minecraft:rotten_flesh":2,"minecraft:wheat_seeds":2,"minecraft:hay_block":1,"minecraft:grindstone":1,"minecraft:oak_planks":1,"minecraft:cobblestone":11,"minecraft:furnace":1},"minecraft:killed":{"minecraft:zombie":1,"minecraft:zombie_villager":2},"minecraft:dropped":{"minecraft:potato":6,"minecraft:oak_log":1,"minecraft:wooden_shovel":1,"minecraft:oak_planks":1},"minecraft:custom":{"minecraft:time_since_rest":258,"minecraft:sprint_one_cm":16672,"minecraft:walk_one_cm":29333,"minecraft:damage_taken":623,"minecraft:mob_kills":3,"minecraft:drop":4,"minecraft:damage_dealt":697,"minecraft:interact_with_crafting_table":5,"minecraft:swim_one_cm":4374,"minecraft:fly_one_cm":44900,"minecraft:open_chest":4,"minecraft:crouch_one_cm":2656,"minecraft:play_time":19976,"minecraft:deaths":1,"minecraft:sneak_time":857,"minecraft:walk_under_water_one_cm":1056,"minecraft:jump":260,"minecraft:time_since_death":234,"minecraft:walk_on_water_one_cm":1835,"minecraft:sleep_in_bed":1,"minecraft:total_world_time":19976,"minecraft:fall_one_cm":8739},"minecraft:crafted":{"minecraft:wooden_sword":1,"minecraft:oak_planks":48,"minecraft:wooden_shovel":1,"minecraft:crafting_table":2,"minecraft:stick":16,"minecraft:wooden_pickaxe":1,"minecraft:stone_pickaxe":1,"minecraft:wooden_axe":1,"minecraft:stone_sword":1,"minecraft:torch":12,"minecraft:stone_axe":1},"minecraft:mined":{"minecraft:hay_block":1,"minecraft:white_bed":1,"minecraft:furnace":1,"minecraft:crafting_table":1,"minecraft:yellow_bed":1,"minecraft:short_grass":15,"minecraft:grass_block":1,"minecraft:oak_log":14,"minecraft:oak_stairs":1,"minecraft:cobweb":2,"minecraft:tall_grass":2,"minecraft:grindstone":1,"minecraft:stone":13,"minecraft:oak_leaves":3}},"DataVersion":3953}