{"stats":{"minecraft:used":{"minecraft:water_bucket":15,"minecraft:stone_sword":34,"minecraft:stone_pickaxe":18,"minecraft:oak_planks":26,"minecraft:wooden_pickaxe":8,"minecraft:torch":27,"minecraft:dirt":1,"minecraft:crafting_table":2,"minecraft:apple":6,"minecraft:oak_stairs":1,"minecraft:bread":9,"minecraft:stone_axe":16,"minecraft:wooden_sword":13,"minecraft:cobblestone":4,"minecraft:bucket":14,"minecraft:yellow_bed":2,"minecraft:potato":1},"minecraft:picked_up":{"minecraft:crafting_table":1,"minecraft:oak_stairs":1,"minecraft:oak_log":13,"minecraft:yellow_bed":2,"minecraft:dirt":1,"minecraft:string":2,"minecraft:wheat_seeds":2,"minecraft:bucket":1,"minecraft:grindstone":1,"minecraft:oak_planks":6,"minecraft:furnace":1,"minecraft:raw_iron":6,"minecraft:torch":6,"minecraft:pointed_dripstone":5,"minecraft:white_bed":1,"minecraft:stone_sword":1,"minecraft:rotten_flesh":4,"minecraft:hay_block":1,"minecraft:cobblestone":12},"minecraft:killed":{"minecraft:zombie_villager":2,"minecraft:zombie":5},"minecraft:dropped":{"minecraft:oak_log":1,"minecraft:stone_sword":1,"minecraft:oak_planks":1,"minecraft:potato":6,"minecraft:wooden_shovel":1,"minecraft:bucket":1},"minecraft:custom":{"minecraft:mob_kills":7,"minecraft:interact_with_crafting_table":5,"minecraft:leave_game":1,"minecraft:time_since_death":13960,"minecraft:sleep_in_bed":2,"minecraft:time_since_rest":13984,"minecraft:sprint_one_cm":57260,"minecraft:damage_taken":4124,"minecraft:walk_one_cm":58506,"minecraft:drop":6,"minecraft:damage_dealt":1775,"minecraft:swim_one_cm":5296,"minecraft:fly_one_cm":110205,"minecraft:open_chest":4,"minecraft:crouch_one_cm":10979,"minecraft:play_time":43552,"minecraft:deaths":10,"minecraft:sneak_time":3960,"minecraft:walk_under_water_one_cm":7352,"minecraft:jump":674,"minecraft:walk_on_water_one_cm":10624,"minecraft:total_world_time":43552,"minecraft:fall_one_cm":52811},"minecraft:crafted":{"minecraft:wooden_sword":1,"minecraft:oak_planks":48,"minecraft:wooden_shovel":1,"minecraft:crafting_table":2,"minecraft:wooden_pickaxe":1,"minecraft:stone_axe":1,"minecraft:stick":20,"minecraft:stone_pickaxe":1,"minecraft:wooden_axe":1,"minecraft:stone_sword":1,"minecraft:torch":28},"minecraft:killed_by":{"minecraft:player":3,"minecraft:cave_spider":1,"minecraft:spider":1},"minecraft:mined":{"minecraft:white_bed":1,"minecraft:crafting_table":1,"minecraft:torch":5,"minecraft:short_grass":15,"minecraft:grass_block":1,"minecraft:tall_grass":2,"minecraft:grindstone":1,"minecraft:oak_planks":5,"minecraft:wall_torch":2,"minecraft:hay_block":1,"minecraft:furnace":1,"minecraft:yellow_bed":2,"minecraft:pointed_dripstone":2,"minecraft:oak_log":14,"minecraft:deepslate_iron_ore":6,"minecraft:oak_stairs":1,"minecraft:cobweb":2,"minecraft:stone":14,"minecraft:oak_leaves":3}},"DataVersion":3953}