{"stats":{"minecraft:picked_up":{"minecraft:crafting_table":5,"minecraft:wheat":11,"minecraft:oak_stairs":1,"minecraft:oak_trapdoor":3,"minecraft:string":2,"minecraft:cobbled_deepslate":8,"minecraft:bucket":1,"minecraft:beef":7,"minecraft:oak_boat":9,"minecraft:furnace":4,"minecraft:raw_iron":9,"minecraft:composter":1,"minecraft:oak_fence":1,"minecraft:torch":33,"minecraft:porkchop":2,"minecraft:pointed_dripstone":8,"minecraft:carrot":14,"minecraft:stone_sword":1,"minecraft:arrow":3,"minecraft:rotten_flesh":12,"minecraft:hay_block":5,"minecraft:mutton":4,"minecraft:cobblestone":170,"minecraft:rail":1,"minecraft:oxeye_daisy":1,"minecraft:cooked_beef":9,"minecraft:water_bucket":1,"minecraft:potato":13,"minecraft:oak_log":35,"minecraft:yellow_bed":5,"minecraft:gunpowder":3,"minecraft:dirt":35,"minecraft:bone":2,"minecraft:acacia_planks":2,"minecraft:wheat_seeds":86,"minecraft:grindstone":1,"minecraft:iron_ingot":12,"minecraft:oak_planks":46,"minecraft:dandelion":4,"minecraft:dripstone_block":2,"minecraft:gravel":19,"minecraft:white_bed":6,"minecraft:mossy_cobblestone":5,"minecraft:pumpkin_seeds":8,"minecraft:diamond":9,"minecraft:granite":9,"minecraft:bread":1,"minecraft:oak_sapling":8,"minecraft:coal":19},"minecraft:used":{"minecraft:oak_trapdoor":5,"minecraft:stone_sword":53,"minecraft:iron_shovel":188,"minecraft:flint_and_steel":36,"minecraft:stone":7,"minecraft:iron_sword":143,"minecraft:stone_hoe":79,"minecraft:torch":76,"minecraft:dirt":3,"minecraft:mutton":1,"minecraft:carrot":5,"minecraft:granite":9,"minecraft:glass":1,"minecraft:villager_spawn_egg":7,"minecraft:oak_stairs":1,"minecraft:furnace":3,"minecraft:potato":14,"minecraft:cooked_beef":5,"minecraft:cobbled_deepslate":6,"minecraft:acacia_planks":4,"minecraft:wheat_seeds":49,"minecraft:water_bucket":60,"minecraft:iron_ore":2,"minecraft:stone_pickaxe":22,"minecraft:oak_planks":68,"minecraft:wooden_pickaxe":8,"minecraft:composter":3,"minecraft:mossy_cobblestone":4,"minecraft:crafting_table":9,"minecraft:white_bed":7,"minecraft:dripstone_block":2,"minecraft:oak_log":6,"minecraft:apple":13,"minecraft:bread":25,"minecraft:iron_pickaxe":166,"minecraft:stone_axe":54,"minecraft:wooden_sword":13,"minecraft:cobblestone":306,"minecraft:bucket":53,"minecraft:yellow_bed":5,"minecraft:oak_boat":10},"minecraft:killed":{"minecraft:spider":1,"minecraft:skeleton":1,"minecraft:wolf":1,"minecraft:zombie_villager":2,"minecraft:iron_golem":1,"minecraft:zombie":11,"minecraft:villager":8},"minecraft:dropped":{"minecraft:iron_ingot":10,"minecraft:wheat_seeds":106,"minecraft:cooked_beef":3,"minecraft:oak_log":1,"minecraft:diamond":4,"minecraft:oak_fence":1,"minecraft:rail":1,"minecraft:stick":2,"minecraft:oxeye_daisy":1,"minecraft:wooden_axe":1,"minecraft:wooden_sword":1,"minecraft:bucket":1,"minecraft:gravel":1,"minecraft:furnace":1,"minecraft:stone_sword":1,"minecraft:cobbled_deepslate":2,"minecraft:wheat":10,"minecraft:pointed_dripstone":8,"minecraft:rotten_flesh":6,"minecraft:oak_planks":36,"minecraft:pumpkin_seeds":8,"minecraft:potato":6,"minecraft:stone":38,"minecraft:gunpowder":3,"minecraft:oak_sapling":8,"minecraft:wooden_shovel":1,"minecraft:wooden_pickaxe":1},"minecraft:broken":{"minecraft:iron_helmet":1},"minecraft:custom":{"minecraft:mob_kills":25,"minecraft:interact_with_crafting_table":25,"minecraft:bell_ring":3,"minecraft:leave_game":1,"minecraft:time_since_death":11279,"minecraft:climb_one_cm":601,"minecraft:sprint_one_cm":147652,"minecraft:walk_one_cm":303381,"minecraft:drop":145,"minecraft:talked_to_villager":6,"minecraft:play_time":144011,"minecraft:deaths":21,"minecraft:sneak_time":10558,"minecraft:walk_under_water_one_cm":18164,"minecraft:boat_one_cm":17444,"minecraft:jump":2154,"minecraft:interact_with_brewingstand":1,"minecraft:walk_on_water_one_cm":29979,"minecraft:total_world_time":144011,"minecraft:interact_with_furnace":17,"minecraft:sleep_in_bed":7,"minecraft:time_since_rest":11569,"minecraft:damage_taken":8663,"minecraft:damage_dealt":7844,"minecraft:swim_one_cm":5310,"minecraft:fly_one_cm":329858,"minecraft:player_kills":9,"minecraft:open_chest":6,"minecraft:crouch_one_cm":32385,"minecraft:fall_one_cm":94654},"minecraft:crafted":{"minecraft:wooden_sword":1,"minecraft:oak_planks":112,"minecraft:iron_boots":1,"minecraft:stone_pickaxe":1,"minecraft:stone_hoe":1,"minecraft:wheat":45,"minecraft:cooked_beef":6,"minecraft:wooden_shovel":1,"minecraft:crafting_table":4,"minecraft:wooden_pickaxe":1,"minecraft:iron_helmet":1,"minecraft:iron_sword":1,"minecraft:stone_axe":1,"minecraft:bread":15,"minecraft:air":0,"minecraft:oak_boat":3,"minecraft:iron_chestplate":1,"minecraft:stick":32,"minecraft:iron_ingot":3,"minecraft:iron_pickaxe":1,"minecraft:wooden_axe":1,"minecraft:stone_sword":1,"minecraft:iron_shovel":1,"minecraft:iron_leggings":1,"minecraft:acacia_planks":4,"minecraft:torch":44},"minecraft:killed_by":{"minecraft:player":8,"minecraft:spider":1,"minecraft:enderman":1,"minecraft:iron_golem":2,"minecraft:cave_spider":1,"minecraft:skeleton":1,"minecraft:zombie":1},"minecraft:mined":{"minecraft:white_bed":6,"minecraft:farmland":3,"minecraft:mossy_cobblestone":3,"minecraft:deepslate_diamond_ore":8,"minecraft:glow_lichen":1,"minecraft:granite":9,"minecraft:grass_block":12,"minecraft:composter":1,"minecraft:oxeye_daisy":1,"minecraft:hay_block":1,"minecraft:oak_trapdoor":3,"minecraft:carrots":4,"minecraft:furnace":4,"minecraft:fire":1,"minecraft:iron_ore":2,"minecraft:cobbled_deepslate":2,"minecraft:pointed_dripstone":5,"minecraft:potatoes":4,"minecraft:dirt_path":1,"minecraft:deepslate_iron_ore":7,"minecraft:oak_stairs":1,"minecraft:stone":39,"minecraft:dandelion":2,"minecraft:crafting_table":5,"minecraft:torch":17,"minecraft:short_grass":73,"minecraft:tall_grass":4,"minecraft:cobblestone":82,"minecraft:grindstone":1,"minecraft:oak_planks":12,"minecraft:wall_torch":11,"minecraft:wheat":23,"minecraft:yellow_bed":5,"minecraft:oak_log":36,"minecraft:gravel":23,"minecraft:dripstone_block":2,"minecraft:dirt":6,"minecraft:cobweb":2,"minecraft:oak_leaves":3,"minecraft:deepslate":7}},"DataVersion":3953}