{"stats":{"minecraft:picked_up":{"minecraft:rotten_flesh":2,"minecraft:wheat_seeds":2,"minecraft:oak_log":5,"minecraft:white_bed":1,"minecraft:yellow_bed":1},"minecraft:used":{"minecraft:wooden_sword":5,"minecraft:crafting_table":1,"minecraft:bread":3,"minecraft:potato":1},"minecraft:killed":{"minecraft:zombie":1,"minecraft:zombie_villager":1},"minecraft:dropped":{"minecraft:potato":6},"minecraft:custom":{"minecraft:time_since_rest":545,"minecraft:open_chest":3,"minecraft:crouch_one_cm":800,"minecraft:play_time":7976,"minecraft:sprint_one_cm":10100,"minecraft:damage_taken":323,"minecraft:walk_one_cm":15487,"minecraft:sneak_time":213,"minecraft:walk_under_water_one_cm":191,"minecraft:mob_kills":2,"minecraft:drop":1,"minecraft:jump":149,"minecraft:damage_dealt":498,"minecraft:walk_on_water_one_cm":700,"minecraft:time_since_death":7976,"minecraft:sleep_in_bed":1,"minecraft:total_world_time":7976,"minecraft:swim_one_cm":987,"minecraft:interact_with_crafting_table":1,"minecraft:fall_one_cm":4052,"minecraft:fly_one_cm":31185},"minecraft:crafted":{"minecraft:wooden_sword":1,"minecraft:oak_planks":20,"minecraft:wooden_shovel":1,"minecraft:crafting_table":1,"minecraft:stick":8,"minecraft:wooden_pickaxe":1,"minecraft:wooden_axe":1},"minecraft:mined":{"minecraft:short_grass":15,"minecraft:oak_log":6,"minecraft:white_bed":1,"minecraft:tall_grass":2,"minecraft:oak_leaves":2,"minecraft:yellow_bed":1}},"DataVersion":3953}