{"stats":{"minecraft:crafted":{"minecraft:oak_planks":16,"minecraft:stick":12,"minecraft:crafting_table":1},"minecraft:mined":{"minecraft:wheat":2,"minecraft:oak_log":4},"minecraft:custom":{"minecraft:jump":49,"minecraft:damage_dealt":29,"minecraft:time_since_rest":2352,"minecraft:crouch_one_cm":297,"minecraft:damage_taken":130,"minecraft:sprint_one_cm":2847,"minecraft:play_time":2352,"minecraft:walk_on_water_one_cm":554,"minecraft:time_since_death":2352,"minecraft:walk_one_cm":7504,"minecraft:sneak_time":130,"minecraft:total_world_time":2352,"minecraft:fall_one_cm":1715,"minecraft:fly_one_cm":4427},"minecraft:picked_up":{"minecraft:oak_log":4,"minecraft:wheat":2,"minecraft:andesite":1,"minecraft:wheat_seeds":6}},"DataVersion":3953}