{"stats":{"minecraft:used":{"minecraft:oak_fence":34,"minecraft:stone_sword":29,"minecraft:cobblestone_stairs":4,"minecraft:stone_pickaxe":23,"minecraft:oak_planks":208,"minecraft:chest":5,"minecraft:wooden_pickaxe":21,"minecraft:oak_door":3,"minecraft:mutton":1,"minecraft:crafting_table":2,"minecraft:white_bed":1,"minecraft:oak_log":2,"minecraft:wooden_axe":62,"minecraft:apple":2,"minecraft:stone_axe":67,"minecraft:oak_sapling":13,"minecraft:furnace":1,"minecraft:andesite":1,"minecraft:egg":1},"minecraft:mined":{"minecraft:oak_sapling":3,"minecraft:oak_fence":14,"minecraft:crafting_table":1,"minecraft:short_grass":14,"minecraft:grass_block":1,"minecraft:chest":1,"minecraft:sugar_cane":2,"minecraft:oak_planks":18,"minecraft:iron_ore":1,"minecraft:wheat":2,"minecraft:coal_ore":7,"minecraft:oak_log":89,"minecraft:dirt":1,"minecraft:stone":34,"minecraft:oak_leaves":31},"minecraft:crafted":{"minecraft:oak_door":3,"minecraft:oak_planks":316,"minecraft:stone_shovel":1,"minecraft:crafting_table":1,"minecraft:wooden_pickaxe":1,"minecraft:furnace":1,"minecraft:cobblestone_stairs":4,"minecraft:stone_axe":1,"minecraft:air":0,"minecraft:charcoal":8,"minecraft:shield":1,"minecraft:stick":32,"minecraft:iron_ingot":1,"minecraft:stone_pickaxe":1,"minecraft:wooden_axe":1,"minecraft:stone_sword":1,"minecraft:chest":4,"minecraft:white_bed":1,"minecraft:stone_hoe":1,"minecraft:oak_fence":21},"minecraft:broken":{"minecraft:wooden_axe":1},"minecraft:killed":{"minecraft:spider":1,"minecraft:skeleton":2,"minecraft:sheep":5,"minecraft:zombie":1},"minecraft:dropped":{"minecraft:oak_fence":1},"minecraft:custom":{"minecraft:interact_with_furnace":8,"minecraft:mob_kills":9,"minecraft:animals_bred":1,"minecraft:interact_with_crafting_table":13,"minecraft:time_since_death":4236,"minecraft:sleep_in_bed":2,"minecraft:time_since_rest":4261,"minecraft:sprint_one_cm":79390,"minecraft:damage_taken":849,"minecraft:walk_one_cm":122770,"minecraft:drop":1,"minecraft:damage_dealt":1451,"minecraft:swim_one_cm":7077,"minecraft:fly_one_cm":121723,"minecraft:open_chest":1,"minecraft:crouch_one_cm":1088,"minecraft:play_time":38352,"minecraft:deaths":3,"minecraft:sneak_time":287,"minecraft:walk_under_water_one_cm":3352,"minecraft:jump":557,"minecraft:walk_on_water_one_cm":7630,"minecraft:total_world_time":38352,"minecraft:fall_one_cm":14059},"minecraft:killed_by":{"minecraft:skeleton":2},"minecraft:picked_up":{"minecraft:crafting_table":1,"minecraft:wheat":2,"minecraft:andesite":1,"minecraft:oak_log":89,"minecraft:dirt":2,"minecraft:bone":3,"minecraft:apple":2,"minecraft:wheat_seeds":10,"minecraft:sugar_cane":6,"minecraft:chest":1,"minecraft:oak_planks":18,"minecraft:egg":1,"minecraft:stick":5,"minecraft:raw_iron":1,"minecraft:oak_fence":14,"minecraft:arrow":5,"minecraft:rotten_flesh":2,"minecraft:oak_sapling":13,"minecraft:mutton":6,"minecraft:coal":3,"minecraft:white_wool":5,"minecraft:cobblestone":34}},"DataVersion":3953}