{"stats":{"minecraft:used":{"minecraft:oak_fence":34,"minecraft:stone_sword":34,"minecraft:cobblestone_stairs":4,"minecraft:stone_shovel":3,"minecraft:stone_pickaxe":40,"minecraft:oak_planks":208,"minecraft:chest":5,"minecraft:wooden_pickaxe":21,"minecraft:rotten_flesh":2,"minecraft:oak_door":3,"minecraft:dirt":7,"minecraft:mutton":1,"minecraft:crafting_table":2,"minecraft:white_bed":1,"minecraft:oak_log":2,"minecraft:wooden_axe":62,"minecraft:apple":2,"minecraft:stone_axe":67,"minecraft:cobblestone":9,"minecraft:oak_sapling":13,"minecraft:furnace":1,"minecraft:andesite":1,"minecraft:egg":1},"minecraft:mined":{"minecraft:oak_sapling":3,"minecraft:oak_fence":14,"minecraft:crafting_table":1,"minecraft:short_grass":14,"minecraft:grass_block":6,"minecraft:chest":1,"minecraft:sugar_cane":2,"minecraft:oak_planks":18,"minecraft:iron_ore":2,"minecraft:wheat":2,"minecraft:coal_ore":22,"minecraft:oak_log":89,"minecraft:dirt":2,"minecraft:stone":34,"minecraft:oak_leaves":34},"minecraft:crafted":{"minecraft:oak_door":3,"minecraft:oak_planks":316,"minecraft:stone_shovel":1,"minecraft:crafting_table":1,"minecraft:wooden_pickaxe":1,"minecraft:furnace":1,"minecraft:cobblestone_stairs":4,"minecraft:stone_axe":1,"minecraft:air":0,"minecraft:charcoal":8,"minecraft:shield":1,"minecraft:stick":32,"minecraft:iron_ingot":1,"minecraft:stone_pickaxe":1,"minecraft:wooden_axe":1,"minecraft:stone_sword":1,"minecraft:chest":4,"minecraft:white_bed":1,"minecraft:stone_hoe":1,"minecraft:oak_fence":21},"minecraft:broken":{"minecraft:wooden_axe":1},"minecraft:killed":{"minecraft:spider":1,"minecraft:skeleton":2,"minecraft:sheep":7,"minecraft:zombie":1},"minecraft:dropped":{"minecraft:oak_fence":1,"minecraft:dirt":1},"minecraft:custom":{"minecraft:interact_with_furnace":8,"minecraft:mob_kills":11,"minecraft:animals_bred":1,"minecraft:interact_with_crafting_table":13,"minecraft:leave_game":1,"minecraft:time_since_death":928,"minecraft:sleep_in_bed":3,"minecraft:time_since_rest":700,"minecraft:sprint_one_cm":118578,"minecraft:damage_taken":1069,"minecraft:walk_one_cm":150291,"minecraft:drop":2,"minecraft:damage_dealt":1611,"minecraft:swim_one_cm":7077,"minecraft:fly_one_cm":170436,"minecraft:open_chest":1,"minecraft:crouch_one_cm":1088,"minecraft:play_time":48018,"minecraft:deaths":4,"minecraft:sneak_time":287,"minecraft:walk_under_water_one_cm":4954,"minecraft:jump":929,"minecraft:walk_on_water_one_cm":10543,"minecraft:total_world_time":48018,"minecraft:fall_one_cm":24469},"minecraft:killed_by":{"minecraft:skeleton":2},"minecraft:picked_up":{"minecraft:crafting_table":1,"minecraft:wheat":2,"minecraft:andesite":1,"minecraft:oak_log":89,"minecraft:dirt":8,"minecraft:bone":3,"minecraft:apple":2,"minecraft:wheat_seeds":10,"minecraft:sugar_cane":6,"minecraft:chest":1,"minecraft:oak_planks":18,"minecraft:egg":1,"minecraft:stick":5,"minecraft:raw_iron":2,"minecraft:oak_fence":14,"minecraft:arrow":5,"minecraft:rotten_flesh":2,"minecraft:oak_sapling":13,"minecraft:mutton":8,"minecraft:coal":23,"minecraft:white_wool":7,"minecraft:cobblestone":34}},"DataVersion":3953}