{"stats":{"minecraft:used":{"minecraft:oak_log":2,"minecraft:wooden_axe":62,"minecraft:stone_sword":5,"minecraft:apple":1,"minecraft:stone_pickaxe":1,"minecraft:oak_planks":208,"minecraft:chest":4,"minecraft:wooden_pickaxe":21,"minecraft:oak_door":3,"minecraft:stone_axe":46,"minecraft:mutton":1,"minecraft:crafting_table":2,"minecraft:furnace":1,"minecraft:oak_sapling":11,"minecraft:andesite":1,"minecraft:white_bed":1},"minecraft:mined":{"minecraft:oak_sapling":3,"minecraft:iron_ore":1,"minecraft:wheat":2,"minecraft:crafting_table":1,"minecraft:short_grass":9,"minecraft:grass_block":1,"minecraft:oak_log":83,"minecraft:chest":1,"minecraft:dirt":1,"minecraft:stone":19,"minecraft:oak_planks":18,"minecraft:sugar_cane":2,"minecraft:oak_leaves":31},"minecraft:crafted":{"minecraft:oak_door":3,"minecraft:oak_planks":292,"minecraft:stone_shovel":1,"minecraft:charcoal":6,"minecraft:crafting_table":1,"minecraft:stick":32,"minecraft:iron_ingot":1,"minecraft:wooden_pickaxe":1,"minecraft:stone_pickaxe":1,"minecraft:wooden_axe":1,"minecraft:stone_sword":1,"minecraft:chest":4,"minecraft:furnace":1,"minecraft:white_bed":1,"minecraft:stone_hoe":1,"minecraft:stone_axe":1,"minecraft:air":0},"minecraft:broken":{"minecraft:wooden_axe":1},"minecraft:killed":{"minecraft:sheep":5},"minecraft:custom":{"minecraft:time_since_rest":5498,"minecraft:interact_with_furnace":6,"minecraft:sprint_one_cm":39271,"minecraft:damage_taken":415,"minecraft:walk_one_cm":71483,"minecraft:mob_kills":5,"minecraft:damage_dealt":492,"minecraft:swim_one_cm":7077,"minecraft:interact_with_crafting_table":7,"minecraft:fly_one_cm":78186,"minecraft:open_chest":1,"minecraft:crouch_one_cm":1088,"minecraft:play_time":26352,"minecraft:deaths":1,"minecraft:sneak_time":280,"minecraft:walk_under_water_one_cm":3352,"minecraft:jump":392,"minecraft:walk_on_water_one_cm":7630,"minecraft:time_since_death":23097,"minecraft:sleep_in_bed":1,"minecraft:total_world_time":26352,"minecraft:fall_one_cm":11518},"minecraft:picked_up":{"minecraft:raw_iron":1,"minecraft:stick":5,"minecraft:crafting_table":1,"minecraft:wheat":2,"minecraft:andesite":1,"minecraft:oak_log":83,"minecraft:dirt":2,"minecraft:arrow":1,"minecraft:bone":2,"minecraft:apple":2,"minecraft:wheat_seeds":10,"minecraft:chest":1,"minecraft:oak_sapling":11,"minecraft:sugar_cane":6,"minecraft:mutton":6,"minecraft:oak_planks":18,"minecraft:coal":1,"minecraft:white_wool":5,"minecraft:cobblestone":19}},"DataVersion":3953}