{"stats":{"minecraft:used":{"minecraft:wooden_axe":62,"minecraft:oak_planks":48,"minecraft:wooden_pickaxe":21,"minecraft:stone_axe":10,"minecraft:mutton":1,"minecraft:crafting_table":1,"minecraft:oak_sapling":3,"minecraft:andesite":1},"minecraft:mined":{"minecraft:oak_sapling":3,"minecraft:wheat":2,"minecraft:crafting_table":1,"minecraft:short_grass":7,"minecraft:grass_block":1,"minecraft:oak_log":59,"minecraft:dirt":1,"minecraft:stone":19,"minecraft:oak_planks":9,"minecraft:sugar_cane":2,"minecraft:oak_leaves":30},"minecraft:crafted":{"minecraft:oak_planks":188,"minecraft:stone_shovel":1,"minecraft:crafting_table":1,"minecraft:stick":12,"minecraft:wooden_pickaxe":1,"minecraft:stone_pickaxe":1,"minecraft:wooden_axe":1,"minecraft:stone_sword":1,"minecraft:furnace":1,"minecraft:stone_hoe":1,"minecraft:stone_axe":1},"minecraft:broken":{"minecraft:wooden_axe":1},"minecraft:killed":{"minecraft:sheep":3},"minecraft:custom":{"minecraft:time_since_rest":11120,"minecraft:sprint_one_cm":18991,"minecraft:damage_taken":390,"minecraft:walk_one_cm":33872,"minecraft:mob_kills":3,"minecraft:damage_dealt":294,"minecraft:swim_one_cm":7077,"minecraft:interact_with_crafting_table":3,"minecraft:fly_one_cm":48733,"minecraft:crouch_one_cm":297,"minecraft:play_time":14352,"minecraft:deaths":1,"minecraft:sneak_time":136,"minecraft:walk_under_water_one_cm":2986,"minecraft:jump":255,"minecraft:walk_on_water_one_cm":6164,"minecraft:time_since_death":11097,"minecraft:total_world_time":14352,"minecraft:fall_one_cm":10411},"minecraft:picked_up":{"minecraft:stick":5,"minecraft:crafting_table":1,"minecraft:wheat":2,"minecraft:andesite":1,"minecraft:oak_log":59,"minecraft:dirt":2,"minecraft:arrow":1,"minecraft:bone":2,"minecraft:apple":2,"minecraft:wheat_seeds":9,"minecraft:oak_sapling":11,"minecraft:sugar_cane":6,"minecraft:mutton":4,"minecraft:oak_planks":9,"minecraft:coal":1,"minecraft:white_wool":3,"minecraft:cobblestone":19}},"DataVersion":3953}