{"stats":{"minecraft:used":{"minecraft:rotten_flesh":1,"minecraft:trial_key":2,"minecraft:iron_chestplate":1,"minecraft:torch":30,"minecraft:carrot":1,"minecraft:iron_helmet":1,"minecraft:iron_boots":1,"minecraft:egg":16,"minecraft:potato":6,"minecraft:cobbled_deepslate":4,"minecraft:pumpkin":2,"minecraft:iron_leggings":1,"minecraft:stone_pickaxe":84,"minecraft:wooden_pickaxe":10,"minecraft:diamond_axe":3,"minecraft:crafting_table":1,"minecraft:white_bed":1,"minecraft:diamond_pickaxe":11,"minecraft:wind_charge":1,"minecraft:iron_pickaxe":28,"minecraft:map":1,"minecraft:diamond_sword":96,"minecraft:wooden_sword":51,"minecraft:cobblestone":7,"minecraft:porkchop":9},"minecraft:picked_up":{"minecraft:iron_chestplate":1,"minecraft:wheat":5,"minecraft:azure_bluet":1,"minecraft:chicken":36,"minecraft:diamond_sword":2,"minecraft:wooden_pickaxe":2,"minecraft:shield":3,"minecraft:wind_charge":3,"minecraft:wooden_sword":1,"minecraft:raw_copper":5,"minecraft:cobbled_deepslate":14,"minecraft:beef":16,"minecraft:trial_key":4,"minecraft:oak_boat":1,"minecraft:wooden_shovel":1,"minecraft:iron_pickaxe":1,"minecraft:waxed_oxidized_copper":2,"minecraft:egg":66,"minecraft:tipped_arrow":4,"minecraft:raw_iron":4,"minecraft:stick":6,"minecraft:oak_fence":1,"minecraft:torch":66,"minecraft:porkchop":13,"minecraft:pointed_dripstone":8,"minecraft:carrot":16,"minecraft:rotten_flesh":5,"minecraft:arrow":5,"minecraft:honey_bottle":2,"minecraft:iron_block":1,"minecraft:tuff_bricks":4,"minecraft:mutton":6,"minecraft:white_wool":3,"minecraft:cobblestone":96,"minecraft:stripped_oak_log":4,"minecraft:feather":31,"minecraft:glow_ink_sac":4,"minecraft:leather":7,"minecraft:potato":6,"minecraft:filled_map":1,"minecraft:flint":1,"minecraft:tuff":6,"minecraft:oak_log":1,"minecraft:map":1,"minecraft:dirt":12,"minecraft:name_tag":10,"minecraft:bone":15,"minecraft:wheat_seeds":27,"minecraft:stone_pickaxe":3,"minecraft:iron_ingot":37,"minecraft:oak_planks":16,"minecraft:pumpkin":4,"minecraft:gravel":10,"minecraft:dripstone_block":18,"minecraft:waxed_chiseled_copper":1,"minecraft:white_bed":4,"minecraft:diamond_block":1,"minecraft:slime_ball":77,"minecraft:diamond":5,"minecraft:diamond_axe":3,"minecraft:bread":1,"minecraft:emerald":6,"minecraft:music_disc_precipice":2,"minecraft:oak_sapling":4},"minecraft:killed":{"minecraft:spider":1,"minecraft:slime":9,"minecraft:skeleton":4,"minecraft:chicken":2,"minecraft:sheep":1,"minecraft:zombie":3,"minecraft:cow":6},"minecraft:dropped":{"minecraft:bread":1,"minecraft:porkchop":4,"minecraft:diamond_axe":3,"minecraft:glow_ink_sac":4,"minecraft:dripstone_block":18,"minecraft:cobblestone":83,"minecraft:stick":6,"minecraft:mutton":2,"minecraft:music_disc_precipice":2,"minecraft:map":1,"minecraft:waxed_oxidized_copper":2,"minecraft:wooden_sword":2,"minecraft:pumpkin":2,"minecraft:iron_pickaxe":2,"minecraft:bone":15,"minecraft:tuff_bricks":4,"minecraft:cobbled_deepslate":4,"minecraft:tuff":4,"minecraft:wheat":1,"minecraft:raw_iron":2,"minecraft:pointed_dripstone":8,"minecraft:oak_planks":6,"minecraft:name_tag":5,"minecraft:honey_bottle":2,"minecraft:white_bed":2,"minecraft:wind_charge":2,"minecraft:filled_map":2,"minecraft:diamond_sword":2,"minecraft:shield":2,"minecraft:trial_key":2,"minecraft:oak_boat":1,"minecraft:oak_sapling":3,"minecraft:wooden_shovel":1,"minecraft:waxed_chiseled_copper":1,"minecraft:slime_ball":67,"minecraft:arrow":5,"minecraft:beef":10,"minecraft:stone_pickaxe":5,"minecraft:wooden_pickaxe":2,"minecraft:egg":32},"minecraft:custom":{"minecraft:mob_kills":28,"minecraft:interact_with_crafting_table":7,"minecraft:open_barrel":1,"minecraft:bell_ring":10,"minecraft:leave_game":8,"minecraft:time_since_death":13703,"minecraft:climb_one_cm":1660,"minecraft:sprint_one_cm":52899,"minecraft:walk_one_cm":457166,"minecraft:drop":230,"minecraft:play_time":158139,"minecraft:sneak_time":24,"minecraft:deaths":29,"minecraft:walk_under_water_one_cm":17458,"minecraft:jump":1118,"minecraft:walk_on_water_one_cm":28347,"minecraft:total_world_time":158139,"minecraft:interact_with_furnace":1,"minecraft:sleep_in_bed":2,"minecraft:time_since_rest":13735,"minecraft:damage_taken":10171,"minecraft:damage_dealt":4834,"minecraft:fly_one_cm":52582,"minecraft:player_kills":8,"minecraft:open_chest":6,"minecraft:crouch_one_cm":218,"minecraft:fall_one_cm":75669,"minecraft:horse_one_cm":141842},"minecraft:crafted":{"minecraft:wooden_sword":1,"minecraft:oak_planks":20,"minecraft:iron_boots":1,"minecraft:stone_pickaxe":2,"minecraft:diamond_sword":1,"minecraft:crafting_table":1,"minecraft:wooden_pickaxe":1,"minecraft:iron_helmet":1,"minecraft:bread":1,"minecraft:iron_chestplate":1,"minecraft:diamond_pickaxe":1,"minecraft:stick":12,"minecraft:iron_leggings":1},"minecraft:killed_by":{"minecraft:player":6,"minecraft:enderman":1,"minecraft:iron_golem":1,"minecraft:slime":1,"minecraft:skeleton":1,"minecraft:zombie":5},"minecraft:mined":{"minecraft:waxed_cut_copper_slab":1,"minecraft:white_bed":3,"minecraft:farmland":1,"minecraft:deepslate_diamond_ore":1,"minecraft:grass_block":4,"minecraft:tuff_bricks":2,"minecraft:hay_block":3,"minecraft:carrots":10,"minecraft:fire":1,"minecraft:polished_tuff":4,"minecraft:pumpkin":4,"minecraft:azure_bluet":1,"minecraft:potatoes":2,"minecraft:deepslate_iron_ore":2,"minecraft:stripped_oak_log":4,"minecraft:stone":78,"minecraft:oak_fence":2,"minecraft:torch":1,"minecraft:short_grass":26,"minecraft:tall_grass":3,"minecraft:copper_ore":1,"minecraft:cobblestone":1,"minecraft:oak_planks":3,"minecraft:wall_torch":3,"minecraft:wheat":7,"minecraft:waxed_oxidized_copper":1,"minecraft:dirt":7,"minecraft:dripstone_block":3,"minecraft:gravel":11,"minecraft:deepslate":5}},"DataVersion":3953}