{"stats":{"minecraft:used":{"minecraft:stone_pickaxe":82,"minecraft:wooden_pickaxe":4,"minecraft:rotten_flesh":1,"minecraft:wooden_sword":3,"minecraft:crafting_table":1,"minecraft:white_bed":1,"minecraft:potato":6},"minecraft:picked_up":{"minecraft:stripped_oak_log":4,"minecraft:stick":1,"minecraft:azure_bluet":1,"minecraft:wooden_pickaxe":1,"minecraft:potato":6,"minecraft:gravel":9,"minecraft:flint":1,"minecraft:oak_log":1,"minecraft:white_bed":2,"minecraft:dirt":2,"minecraft:raw_copper":5,"minecraft:wheat_seeds":1,"minecraft:wooden_shovel":1,"minecraft:oak_planks":1,"minecraft:cobblestone":75},"minecraft:dropped":{"minecraft:wooden_pickaxe":1,"minecraft:stick":1},"minecraft:custom":{"minecraft:time_since_rest":1984,"minecraft:sprint_one_cm":15132,"minecraft:damage_taken":4664,"minecraft:walk_one_cm":57752,"minecraft:drop":2,"minecraft:damage_dealt":213,"minecraft:interact_with_crafting_table":4,"minecraft:fly_one_cm":14841,"minecraft:player_kills":3,"minecraft:open_chest":2,"minecraft:play_time":28236,"minecraft:deaths":10,"minecraft:walk_under_water_one_cm":544,"minecraft:jump":104,"minecraft:leave_game":2,"minecraft:time_since_death":1933,"minecraft:walk_on_water_one_cm":1203,"minecraft:sleep_in_bed":1,"minecraft:total_world_time":28236,"minecraft:fall_one_cm":48091},"minecraft:crafted":{"minecraft:wooden_sword":1,"minecraft:oak_planks":16,"minecraft:crafting_table":1,"minecraft:stick":8,"minecraft:wooden_pickaxe":1,"minecraft:stone_pickaxe":1},"minecraft:killed_by":{"minecraft:zombie":1},"minecraft:mined":{"minecraft:white_bed":2,"minecraft:azure_bluet":1,"minecraft:short_grass":2,"minecraft:grass_block":2,"minecraft:gravel":10,"minecraft:dirt":2,"minecraft:stripped_oak_log":4,"minecraft:tall_grass":1,"minecraft:copper_ore":1,"minecraft:stone":73,"minecraft:oak_planks":1}},"DataVersion":3953}