{"stats":{"minecraft:used":{"minecraft:white_bed":1},"minecraft:picked_up":{"minecraft:stripped_oak_log":2,"minecraft:azure_bluet":1,"minecraft:wheat_seeds":1,"minecraft:potato":6,"minecraft:white_bed":1,"minecraft:dirt":2},"minecraft:custom":{"minecraft:open_chest":2,"minecraft:time_since_rest":545,"minecraft:deaths":1,"minecraft:play_time":9975,"minecraft:sprint_one_cm":14586,"minecraft:damage_taken":284,"minecraft:walk_one_cm":28496,"minecraft:jump":71,"minecraft:damage_dealt":121,"minecraft:time_since_death":3431,"minecraft:walk_on_water_one_cm":723,"minecraft:sleep_in_bed":1,"minecraft:total_world_time":9975,"minecraft:fly_one_cm":14097,"minecraft:fall_one_cm":1999},"minecraft:killed_by":{"minecraft:zombie":1},"minecraft:mined":{"minecraft:short_grass":1,"minecraft:grass_block":2,"minecraft:white_bed":1,"minecraft:dirt":2,"minecraft:stripped_oak_log":2,"minecraft:tall_grass":1,"minecraft:azure_bluet":1}},"DataVersion":3953}