{"stats":{"minecraft:crafted":{"minecraft:wooden_sword":1,"minecraft:oak_planks":24,"minecraft:iron_boots":1,"minecraft:stone_pickaxe":2,"minecraft:diamond_sword":1,"minecraft:crafting_table":1,"minecraft:wooden_pickaxe":1,"minecraft:iron_helmet":1,"minecraft:bread":1,"minecraft:iron_chestplate":1,"minecraft:diamond_pickaxe":1,"minecraft:stick":12,"minecraft:iron_leggings":1},"minecraft:mined":{"minecraft:waxed_cut_copper_slab":1,"minecraft:white_bed":3,"minecraft:farmland":1,"minecraft:deepslate_diamond_ore":1,"minecraft:grass_block":4,"minecraft:tuff_bricks":2,"minecraft:hay_block":3,"minecraft:carrots":10,"minecraft:fire":1,"minecraft:polished_tuff":4,"minecraft:pumpkin":4,"minecraft:azure_bluet":1,"minecraft:potatoes":2,"minecraft:deepslate_iron_ore":2,"minecraft:stripped_oak_log":4,"minecraft:stone":78,"minecraft:oak_fence":2,"minecraft:torch":1,"minecraft:short_grass":26,"minecraft:copper_ore":1,"minecraft:tall_grass":3,"minecraft:cobblestone":1,"minecraft:oak_planks":3,"minecraft:wall_torch":3,"minecraft:wheat":7,"minecraft:waxed_oxidized_copper":1,"minecraft:gravel":11,"minecraft:dripstone_block":3,"minecraft:dirt":7,"minecraft:deepslate":5},"minecraft:used":{"minecraft:netherite_sword":2,"minecraft:chest":1,"minecraft:trial_key":2,"minecraft:rotten_flesh":1,"minecraft:iron_chestplate":2,"minecraft:torch":30,"minecraft:carrot":1,"minecraft:obsidian":16,"minecraft:iron_helmet":1,"minecraft:iron_boots":1,"minecraft:netherite_boots":1,"minecraft:bow":21,"minecraft:goat_horn":9,"minecraft:egg":16,"minecraft:potato":6,"minecraft:cobbled_deepslate":4,"minecraft:pumpkin":2,"minecraft:enchanted_golden_apple":2,"minecraft:iron_leggings":1,"minecraft:water_bucket":33,"minecraft:stone_pickaxe":84,"minecraft:netherite_chestplate":2,"minecraft:wooden_pickaxe":10,"minecraft:diamond_axe":3,"minecraft:netherite_leggings":1,"minecraft:tnt":84,"minecraft:crafting_table":1,"minecraft:netherite_helmet":1,"minecraft:white_bed":1,"minecraft:ender_eye":12,"minecraft:diamond_pickaxe":11,"minecraft:wind_charge":1,"minecraft:iron_pickaxe":28,"minecraft:map":1,"minecraft:oak_pressure_plate":2,"minecraft:gravel":5,"minecraft:cobblestone":7,"minecraft:wooden_sword":51,"minecraft:diamond_sword":96,"minecraft:porkchop":9,"minecraft:ice":1,"minecraft:end_portal_frame":14},"minecraft:dropped":{"minecraft:water_bucket":1,"minecraft:bread":1,"minecraft:porkchop":4,"minecraft:wheat_seeds":29,"minecraft:diamond_axe":6,"minecraft:oak_pressure_plate":3,"minecraft:glow_ink_sac":4,"minecraft:tnt":3,"minecraft:dripstone_block":18,"minecraft:netherite_chestplate":2,"minecraft:netherite_helmet":1,"minecraft:iron_helmet":2,"minecraft:oak_fence":1,"minecraft:feather":31,"minecraft:cobblestone":83,"minecraft:leather":7,"minecraft:golden_apple":10,"minecraft:flint":1,"minecraft:emerald":8,"minecraft:stick":8,"minecraft:iron_block":1,"minecraft:dirt":10,"minecraft:torch":36,"minecraft:mutton":6,"minecraft:music_disc_precipice":2,"minecraft:netherite_boots":1,"minecraft:map":1,"minecraft:diamond_helmet":1,"minecraft:waxed_oxidized_copper":2,"minecraft:iron_leggings":1,"minecraft:wooden_sword":2,"minecraft:pumpkin":2,"minecraft:iron_pickaxe":2,"minecraft:bone":15,"minecraft:gravel":13,"minecraft:tuff_bricks":4,"minecraft:goat_horn":1,"minecraft:cobbled_deepslate":4,"minecraft:raw_copper":5,"minecraft:tuff":6,"minecraft:raw_iron":4,"minecraft:netherite_sword":1,"minecraft:wheat":1,"minecraft:obsidian":14,"minecraft:pointed_dripstone":8,"minecraft:chicken":36,"minecraft:rotten_flesh":5,"minecraft:oak_planks":17,"minecraft:iron_boots":2,"minecraft:enchanted_golden_apple":78,"minecraft:name_tag":8,"minecraft:honey_bottle":2,"minecraft:white_bed":2,"minecraft:oak_sign":1,"minecraft:carrot":14,"minecraft:netherite_leggings":2,"minecraft:flint_and_steel":2,"minecraft:wind_charge":2,"minecraft:filled_map":2,"minecraft:diamond_sword":3,"minecraft:tipped_arrow":42,"minecraft:shield":2,"minecraft:trial_key":2,"minecraft:iron_chestplate":4,"minecraft:oak_boat":1,"minecraft:oak_sapling":4,"minecraft:chest":1,"minecraft:wooden_shovel":1,"minecraft:diamond_boots":1,"minecraft:waxed_chiseled_copper":1,"minecraft:slime_ball":67,"minecraft:wooden_pickaxe":3,"minecraft:stone_pickaxe":5,"minecraft:arrow":5,"minecraft:bow":2,"minecraft:beef":10,"minecraft:egg":32},"minecraft:picked_up":{"minecraft:charcoal":7,"minecraft:iron_chestplate":3,"minecraft:wheat":5,"minecraft:azure_bluet":1,"minecraft:chicken":72,"minecraft:diamond_sword":3,"minecraft:wooden_pickaxe":2,"minecraft:shield":3,"minecraft:wind_charge":3,"minecraft:raw_copper":18,"minecraft:wooden_sword":1,"minecraft:iron_leggings":1,"minecraft:oak_sign":1,"minecraft:cobbled_deepslate":19,"minecraft:beef":16,"minecraft:trial_key":4,"minecraft:oak_boat":1,"minecraft:wooden_shovel":1,"minecraft:iron_pickaxe":1,"minecraft:waxed_oxidized_copper":2,"minecraft:iron_boots":1,"minecraft:egg":83,"minecraft:tipped_arrow":12,"minecraft:stick":8,"minecraft:raw_iron":4,"minecraft:oak_fence":2,"minecraft:torch":138,"minecraft:porkchop":13,"minecraft:pointed_dripstone":8,"minecraft:carrot":30,"minecraft:tnt":1,"minecraft:arrow":5,"minecraft:honey_bottle":2,"minecraft:rotten_flesh":5,"minecraft:iron_block":2,"minecraft:tuff_bricks":4,"minecraft:mutton":10,"minecraft:white_wool":6,"minecraft:cobblestone":96,"minecraft:stripped_oak_log":4,"minecraft:feather":62,"minecraft:glow_ink_sac":4,"minecraft:water_bucket":1,"minecraft:leather":7,"minecraft:potato":6,"minecraft:filled_map":1,"minecraft:flint":2,"minecraft:tuff":6,"minecraft:oak_log":2,"minecraft:map":1,"minecraft:dirt":12,"minecraft:name_tag":13,"minecraft:bone":15,"minecraft:wheat_seeds":56,"minecraft:iron_ingot":43,"minecraft:stone_pickaxe":3,"minecraft:oak_planks":27,"minecraft:pumpkin":4,"minecraft:oak_pressure_plate":2,"minecraft:dripstone_block":18,"minecraft:waxed_chiseled_copper":1,"minecraft:gravel":13,"minecraft:white_bed":5,"minecraft:diamond_block":2,"minecraft:slime_ball":77,"minecraft:diamond":5,"minecraft:iron_helmet":1,"minecraft:diamond_axe":6,"minecraft:bread":2,"minecraft:emerald":14,"minecraft:music_disc_precipice":2,"minecraft:oak_sapling":4,"minecraft:diamond_pickaxe":1},"minecraft:killed_by":{"minecraft:player":6,"minecraft:enderman":1,"minecraft:iron_golem":1,"minecraft:slime":1,"minecraft:skeleton":1,"minecraft:zombie":5},"minecraft:killed":{"minecraft:spider":1,"minecraft:slime":9,"minecraft:skeleton":4,"minecraft:chicken":2,"minecraft:sheep":1,"minecraft:zombie":3,"minecraft:cow":6},"minecraft:custom":{"minecraft:mob_kills":28,"minecraft:interact_with_crafting_table":7,"minecraft:open_barrel":1,"minecraft:bell_ring":10,"minecraft:leave_game":10,"minecraft:time_since_death":91844,"minecraft:climb_one_cm":1812,"minecraft:sprint_one_cm":52899,"minecraft:walk_one_cm":508254,"minecraft:drop":350,"minecraft:play_time":236280,"minecraft:sneak_time":376,"minecraft:deaths":29,"minecraft:walk_under_water_one_cm":22994,"minecraft:jump":1237,"minecraft:walk_on_water_one_cm":31754,"minecraft:total_world_time":236280,"minecraft:interact_with_furnace":1,"minecraft:sleep_in_bed":2,"minecraft:time_since_rest":91876,"minecraft:damage_taken":10171,"minecraft:damage_dealt":4836,"minecraft:player_kills":8,"minecraft:fly_one_cm":255356,"minecraft:open_chest":8,"minecraft:crouch_one_cm":290,"minecraft:fall_one_cm":76089,"minecraft:horse_one_cm":141842}},"DataVersion":3953}