{"stats":{"minecraft:used":{"minecraft:stone_pickaxe":84,"minecraft:wooden_pickaxe":10,"minecraft:rotten_flesh":1,"minecraft:wooden_sword":39,"minecraft:crafting_table":1,"minecraft:white_bed":1,"minecraft:potato":6},"minecraft:picked_up":{"minecraft:stripped_oak_log":4,"minecraft:stick":1,"minecraft:feather":1,"minecraft:azure_bluet":1,"minecraft:chicken":1,"minecraft:leather":7,"minecraft:torch":1,"minecraft:wooden_pickaxe":1,"minecraft:potato":6,"minecraft:gravel":10,"minecraft:flint":1,"minecraft:oak_log":1,"minecraft:white_bed":3,"minecraft:dirt":2,"minecraft:raw_copper":5,"minecraft:rotten_flesh":1,"minecraft:wheat_seeds":2,"minecraft:cobbled_deepslate":1,"minecraft:beef":12,"minecraft:wooden_shovel":1,"minecraft:mutton":2,"minecraft:oak_planks":1,"minecraft:white_wool":1,"minecraft:cobblestone":80},"minecraft:killed":{"minecraft:sheep":1,"minecraft:chicken":1,"minecraft:cow":5},"minecraft:dropped":{"minecraft:mutton":1,"minecraft:beef":6,"minecraft:wooden_pickaxe":1,"minecraft:white_bed":1,"minecraft:stick":1},"minecraft:custom":{"minecraft:time_since_rest":8574,"minecraft:sprint_one_cm":18697,"minecraft:damage_taken":4974,"minecraft:walk_one_cm":91608,"minecraft:mob_kills":7,"minecraft:drop":7,"minecraft:damage_dealt":889,"minecraft:interact_with_crafting_table":4,"minecraft:fly_one_cm":18541,"minecraft:player_kills":3,"minecraft:open_chest":2,"minecraft:play_time":38929,"minecraft:deaths":11,"minecraft:walk_under_water_one_cm":723,"minecraft:jump":262,"minecraft:leave_game":2,"minecraft:time_since_death":8530,"minecraft:walk_on_water_one_cm":2352,"minecraft:sleep_in_bed":1,"minecraft:total_world_time":38929,"minecraft:fall_one_cm":52847},"minecraft:crafted":{"minecraft:wooden_sword":1,"minecraft:oak_planks":16,"minecraft:crafting_table":1,"minecraft:stick":8,"minecraft:wooden_pickaxe":1,"minecraft:stone_pickaxe":1},"minecraft:killed_by":{"minecraft:zombie":1},"minecraft:mined":{"minecraft:white_bed":2,"minecraft:torch":1,"minecraft:azure_bluet":1,"minecraft:short_grass":15,"minecraft:grass_block":2,"minecraft:gravel":11,"minecraft:dirt":2,"minecraft:stripped_oak_log":4,"minecraft:tall_grass":1,"minecraft:copper_ore":1,"minecraft:stone":78,"minecraft:oak_planks":1,"minecraft:deepslate":1}},"DataVersion":3953}