{"stats":{"minecraft:used":{"minecraft:stone_pickaxe":60,"minecraft:wooden_pickaxe":4,"minecraft:wooden_sword":3,"minecraft:crafting_table":1,"minecraft:white_bed":1,"minecraft:potato":5},"minecraft:picked_up":{"minecraft:stripped_oak_log":4,"minecraft:stick":1,"minecraft:azure_bluet":1,"minecraft:wooden_pickaxe":1,"minecraft:potato":6,"minecraft:gravel":5,"minecraft:oak_log":1,"minecraft:white_bed":1,"minecraft:dirt":2,"minecraft:raw_copper":5,"minecraft:wheat_seeds":1,"minecraft:wooden_shovel":1,"minecraft:oak_planks":1,"minecraft:cobblestone":58},"minecraft:dropped":{"minecraft:wooden_pickaxe":1,"minecraft:stick":1},"minecraft:custom":{"minecraft:time_since_rest":12545,"minecraft:sprint_one_cm":15132,"minecraft:damage_taken":334,"minecraft:walk_one_cm":45426,"minecraft:drop":2,"minecraft:damage_dealt":176,"minecraft:interact_with_crafting_table":4,"minecraft:fly_one_cm":14735,"minecraft:open_chest":2,"minecraft:play_time":21975,"minecraft:deaths":1,"minecraft:walk_under_water_one_cm":544,"minecraft:jump":92,"minecraft:walk_on_water_one_cm":1203,"minecraft:time_since_death":15431,"minecraft:sleep_in_bed":1,"minecraft:total_world_time":21975,"minecraft:fall_one_cm":2655},"minecraft:crafted":{"minecraft:wooden_sword":1,"minecraft:oak_planks":16,"minecraft:crafting_table":1,"minecraft:stick":8,"minecraft:wooden_pickaxe":1,"minecraft:stone_pickaxe":1},"minecraft:killed_by":{"minecraft:zombie":1},"minecraft:mined":{"minecraft:white_bed":1,"minecraft:azure_bluet":1,"minecraft:short_grass":2,"minecraft:grass_block":2,"minecraft:gravel":5,"minecraft:dirt":2,"minecraft:stripped_oak_log":4,"minecraft:copper_ore":1,"minecraft:tall_grass":1,"minecraft:stone":57,"minecraft:oak_planks":1}},"DataVersion":3953}