{"stats":{"minecraft:used":{"minecraft:stone_pickaxe":84,"minecraft:wooden_pickaxe":10,"minecraft:rotten_flesh":1,"minecraft:torch":11,"minecraft:crafting_table":1,"minecraft:white_bed":1,"minecraft:map":1,"minecraft:iron_pickaxe":27,"minecraft:diamond_sword":59,"minecraft:wooden_sword":51,"minecraft:cobblestone":1,"minecraft:porkchop":4,"minecraft:potato":6,"minecraft:cobbled_deepslate":4},"minecraft:picked_up":{"minecraft:stripped_oak_log":4,"minecraft:wheat":4,"minecraft:azure_bluet":1,"minecraft:feather":29,"minecraft:chicken":35,"minecraft:glow_ink_sac":4,"minecraft:leather":7,"minecraft:diamond_sword":1,"minecraft:wooden_pickaxe":1,"minecraft:potato":6,"minecraft:filled_map":1,"minecraft:flint":1,"minecraft:tuff":4,"minecraft:oak_log":1,"minecraft:map":1,"minecraft:dirt":6,"minecraft:raw_copper":5,"minecraft:wooden_sword":1,"minecraft:name_tag":10,"minecraft:bone":3,"minecraft:wheat_seeds":20,"minecraft:cobbled_deepslate":14,"minecraft:iron_ingot":11,"minecraft:beef":16,"minecraft:stone_pickaxe":3,"minecraft:wooden_shovel":1,"minecraft:iron_pickaxe":1,"minecraft:oak_planks":1,"minecraft:egg":29,"minecraft:raw_iron":4,"minecraft:stick":4,"minecraft:oak_fence":1,"minecraft:torch":65,"minecraft:dripstone_block":18,"minecraft:gravel":10,"minecraft:porkchop":9,"minecraft:pointed_dripstone":8,"minecraft:carrot":13,"minecraft:white_bed":3,"minecraft:rotten_flesh":3,"minecraft:diamond":4,"minecraft:mutton":6,"minecraft:white_wool":3,"minecraft:cobblestone":90},"minecraft:killed":{"minecraft:spider":1,"minecraft:sheep":1,"minecraft:skeleton":4,"minecraft:zombie":1,"minecraft:chicken":1,"minecraft:cow":6},"minecraft:dropped":{"minecraft:cobbled_deepslate":4,"minecraft:dripstone_block":18,"minecraft:tuff":2,"minecraft:pointed_dripstone":8,"minecraft:raw_iron":2,"minecraft:cobblestone":10,"minecraft:name_tag":5,"minecraft:white_bed":1,"minecraft:stick":4,"minecraft:filled_map":2,"minecraft:diamond_sword":1,"minecraft:mutton":2,"minecraft:map":1,"minecraft:wooden_shovel":1,"minecraft:wooden_sword":2,"minecraft:beef":10,"minecraft:stone_pickaxe":5,"minecraft:wooden_pickaxe":1,"minecraft:iron_pickaxe":1},"minecraft:custom":{"minecraft:interact_with_furnace":1,"minecraft:mob_kills":14,"minecraft:interact_with_crafting_table":6,"minecraft:leave_game":2,"minecraft:time_since_death":8767,"minecraft:sleep_in_bed":1,"minecraft:time_since_rest":8795,"minecraft:sprint_one_cm":33567,"minecraft:damage_taken":8199,"minecraft:walk_one_cm":249628,"minecraft:drop":31,"minecraft:damage_dealt":3455,"minecraft:fly_one_cm":35857,"minecraft:player_kills":4,"minecraft:open_chest":3,"minecraft:play_time":74929,"minecraft:deaths":22,"minecraft:walk_under_water_one_cm":5493,"minecraft:jump":679,"minecraft:walk_on_water_one_cm":12866,"minecraft:total_world_time":74929,"minecraft:fall_one_cm":63743},"minecraft:crafted":{"minecraft:wooden_sword":1,"minecraft:oak_planks":20,"minecraft:diamond_sword":1,"minecraft:crafting_table":1,"minecraft:wooden_pickaxe":1,"minecraft:bread":1,"minecraft:stick":12,"minecraft:stone_pickaxe":2},"minecraft:killed_by":{"minecraft:player":4,"minecraft:skeleton":1,"minecraft:zombie":4,"minecraft:enderman":1},"minecraft:mined":{"minecraft:white_bed":2,"minecraft:farmland":1,"minecraft:deepslate_diamond_ore":1,"minecraft:oak_fence":2,"minecraft:torch":1,"minecraft:short_grass":24,"minecraft:grass_block":3,"minecraft:copper_ore":1,"minecraft:tall_grass":1,"minecraft:oak_planks":1,"minecraft:wall_torch":2,"minecraft:hay_block":3,"minecraft:carrots":7,"minecraft:wheat":3,"minecraft:azure_bluet":1,"minecraft:potatoes":2,"minecraft:deepslate_iron_ore":2,"minecraft:dirt":2,"minecraft:gravel":11,"minecraft:dripstone_block":3,"minecraft:stripped_oak_log":4,"minecraft:stone":78,"minecraft:deepslate":5}},"DataVersion":3953}