{"stats":{"minecraft:used":{"minecraft:moss_block":1,"minecraft:water_bucket":20,"minecraft:stone_pickaxe":56,"minecraft:oak_planks":10,"minecraft:wooden_pickaxe":31,"minecraft:shield":135,"minecraft:rotten_flesh":2,"minecraft:cookie":25,"minecraft:dirt":2,"minecraft:mutton":2,"minecraft:crafting_table":3,"minecraft:white_bed":2,"minecraft:axolotl_bucket":3,"minecraft:cake":1,"minecraft:big_dripleaf":5,"minecraft:wooden_axe":41,"minecraft:iron_axe":103,"minecraft:iron_pickaxe":11,"minecraft:cobblestone":10,"minecraft:furnace":1,"minecraft:bucket":26},"minecraft:mined":{"minecraft:white_bed":1,"minecraft:deepslate_diamond_ore":10,"minecraft:crafting_table":2,"minecraft:potted_dead_bush":2,"minecraft:short_grass":10,"minecraft:grass_block":2,"minecraft:decorated_pot":9,"minecraft:oak_planks":1,"minecraft:big_dripleaf":1,"minecraft:furnace":1,"minecraft:iron_ore":24,"minecraft:fire":3,"minecraft:oak_log":9,"minecraft:coal_ore":17,"minecraft:deepslate_iron_ore":25,"minecraft:dirt":2,"minecraft:stone":16,"minecraft:oak_leaves":13,"minecraft:deepslate":2},"minecraft:crafted":{"minecraft:oak_planks":36,"minecraft:redstone":22,"minecraft:crafting_table":1,"minecraft:wooden_pickaxe":1,"minecraft:iron_helmet":1,"minecraft:furnace":1,"minecraft:bucket":4,"minecraft:glowstone":6,"minecraft:iron_boots":1,"minecraft:iron_chestplate":1,"minecraft:shield":1,"minecraft:iron_axe":1,"minecraft:stick":16,"minecraft:iron_ingot":49,"minecraft:iron_pickaxe":2,"minecraft:wooden_axe":2,"minecraft:iron_leggings":1,"minecraft:lapis_lazuli":12},"minecraft:killed":{"minecraft:spider":2,"minecraft:skeleton":9,"minecraft:sheep":1,"minecraft:zombie":13,"minecraft:breeze":2,"minecraft:drowned":1,"minecraft:enderman":2},"minecraft:dropped":{"minecraft:iron_ingot":8,"minecraft:moss_carpet":18,"minecraft:wheat_seeds":7,"minecraft:cobbled_deepslate":2,"minecraft:cookie":1,"minecraft:cobblestone":5,"minecraft:andesite":2,"minecraft:azalea":2,"minecraft:axolotl_bucket":1},"minecraft:custom":{"minecraft:interact_with_furnace":12,"minecraft:interact_with_anvil":3,"minecraft:mob_kills":31,"minecraft:traded_with_villager":29,"minecraft:interact_with_crafting_table":17,"minecraft:open_barrel":3,"minecraft:eat_cake_slice":5,"minecraft:leave_game":3,"minecraft:time_since_death":598,"minecraft:sleep_in_bed":3,"minecraft:climb_one_cm":2623,"minecraft:time_since_rest":618,"minecraft:sprint_one_cm":224843,"minecraft:damage_taken":6887,"minecraft:walk_one_cm":234665,"minecraft:damage_blocked_by_shield":795,"minecraft:drop":19,"minecraft:damage_dealt":6073,"minecraft:swim_one_cm":24627,"minecraft:talked_to_villager":7,"minecraft:fly_one_cm":130463,"minecraft:open_chest":3,"minecraft:crouch_one_cm":145,"minecraft:play_time":82155,"minecraft:sneak_time":62,"minecraft:deaths":23,"minecraft:walk_under_water_one_cm":28533,"minecraft:jump":907,"minecraft:walk_on_water_one_cm":76768,"minecraft:total_world_time":82155,"minecraft:fall_one_cm":47565,"minecraft:inspect_dispenser":1},"minecraft:killed_by":{"minecraft:cave_spider":1,"minecraft:skeleton":3,"minecraft:creeper":2,"minecraft:spider":1,"minecraft:zombie":3,"minecraft:drowned":1,"minecraft:breeze":1,"minecraft:slime":1},"minecraft:picked_up":{"minecraft:crafting_table":2,"minecraft:andesite":2,"minecraft:potato":1,"minecraft:potion":2,"minecraft:oak_log":9,"minecraft:dirt":4,"minecraft:string":2,"minecraft:moss_carpet":18,"minecraft:name_tag":1,"minecraft:bone":18,"minecraft:wheat_seeds":7,"minecraft:cobbled_deepslate":2,"minecraft:iron_ingot":11,"minecraft:stone_pickaxe":1,"minecraft:azalea":2,"minecraft:moss_block":1,"minecraft:oak_planks":1,"minecraft:furnace":1,"minecraft:stick":2,"minecraft:raw_iron":49,"minecraft:big_dripleaf":5,"minecraft:cookie":65,"minecraft:white_bed":2,"minecraft:arrow":16,"minecraft:rotten_flesh":11,"minecraft:diamond":10,"minecraft:decorated_pot":8,"minecraft:breeze_rod":2,"minecraft:bread":3,"minecraft:emerald":41,"minecraft:baked_potato":4,"minecraft:coal":34,"minecraft:mutton":2,"minecraft:white_wool":1,"minecraft:cobblestone":23,"minecraft:ender_pearl":2}},"DataVersion":3953}