{"stats":{"minecraft:crafted":{"minecraft:oak_planks":36,"minecraft:redstone":26,"minecraft:crafting_table":1,"minecraft:wooden_pickaxe":1,"minecraft:iron_helmet":1,"minecraft:furnace":1,"minecraft:bucket":4,"minecraft:glowstone":12,"minecraft:iron_boots":1,"minecraft:iron_chestplate":1,"minecraft:shield":1,"minecraft:iron_axe":2,"minecraft:stick":16,"minecraft:iron_ingot":49,"minecraft:iron_pickaxe":2,"minecraft:wooden_axe":2,"minecraft:gold_ingot":4,"minecraft:iron_leggings":1,"minecraft:lapis_lazuli":24},"minecraft:mined":{"minecraft:white_bed":1,"minecraft:deepslate_diamond_ore":13,"minecraft:crafting_table":2,"minecraft:potted_dead_bush":2,"minecraft:short_grass":10,"minecraft:grass_block":2,"minecraft:decorated_pot":9,"minecraft:tall_grass":1,"minecraft:deepslate_gold_ore":4,"minecraft:oak_planks":1,"minecraft:big_dripleaf":1,"minecraft:furnace":1,"minecraft:iron_ore":24,"minecraft:fire":3,"minecraft:oak_log":9,"minecraft:coal_ore":17,"minecraft:deepslate_iron_ore":25,"minecraft:gravel":1,"minecraft:dirt":2,"minecraft:stone":16,"minecraft:oak_leaves":13,"minecraft:deepslate":3},"minecraft:used":{"minecraft:moss_block":1,"minecraft:water_bucket":43,"minecraft:stone_pickaxe":56,"minecraft:oak_planks":10,"minecraft:ender_pearl":1,"minecraft:wooden_pickaxe":31,"minecraft:shield":136,"minecraft:rotten_flesh":6,"minecraft:cookie":40,"minecraft:dirt":4,"minecraft:mutton":2,"minecraft:crafting_table":3,"minecraft:white_bed":2,"minecraft:axolotl_bucket":3,"minecraft:cake":1,"minecraft:big_dripleaf":5,"minecraft:wooden_axe":41,"minecraft:iron_axe":110,"minecraft:iron_pickaxe":20,"minecraft:glowstone":9,"minecraft:cobblestone":10,"minecraft:furnace":2,"minecraft:bucket":50},"minecraft:dropped":{"minecraft:water_bucket":1,"minecraft:iron_ingot":8,"minecraft:moss_carpet":18,"minecraft:wheat_seeds":7,"minecraft:cobbled_deepslate":2,"minecraft:decorated_pot":1,"minecraft:cookie":1,"minecraft:cobblestone":5,"minecraft:andesite":2,"minecraft:azalea":2,"minecraft:axolotl_bucket":1},"minecraft:picked_up":{"minecraft:crafting_table":2,"minecraft:water_bucket":1,"minecraft:andesite":2,"minecraft:potato":1,"minecraft:potion":2,"minecraft:oak_log":9,"minecraft:dirt":4,"minecraft:string":2,"minecraft:moss_carpet":18,"minecraft:name_tag":1,"minecraft:bone":20,"minecraft:wheat_seeds":7,"minecraft:cobbled_deepslate":3,"minecraft:raw_gold":4,"minecraft:iron_ingot":11,"minecraft:stone_pickaxe":1,"minecraft:azalea":2,"minecraft:moss_block":1,"minecraft:oak_planks":1,"minecraft:furnace":1,"minecraft:golden_helmet":1,"minecraft:stick":2,"minecraft:raw_iron":49,"minecraft:big_dripleaf":5,"minecraft:cookie":65,"minecraft:white_bed":2,"minecraft:arrow":16,"minecraft:rotten_flesh":11,"minecraft:diamond":13,"minecraft:decorated_pot":9,"minecraft:breeze_rod":2,"minecraft:gold_ingot":24,"minecraft:bread":3,"minecraft:emerald":99,"minecraft:baked_potato":4,"minecraft:mutton":2,"minecraft:coal":34,"minecraft:white_wool":1,"minecraft:cobblestone":23,"minecraft:ender_pearl":2},"minecraft:killed_by":{"minecraft:player":1,"minecraft:cave_spider":1,"minecraft:skeleton":3,"minecraft:creeper":2,"minecraft:spider":1,"minecraft:zombie":3,"minecraft:drowned":1,"minecraft:breeze":1,"minecraft:slime":1},"minecraft:killed":{"minecraft:spider":2,"minecraft:skeleton":10,"minecraft:sheep":1,"minecraft:zombie":13,"minecraft:breeze":2,"minecraft:drowned":1,"minecraft:villager":1,"minecraft:enderman":2},"minecraft:custom":{"minecraft:interact_with_furnace":15,"minecraft:interact_with_anvil":3,"minecraft:mob_kills":33,"minecraft:traded_with_villager":49,"minecraft:interact_with_crafting_table":19,"minecraft:open_barrel":3,"minecraft:eat_cake_slice":5,"minecraft:leave_game":3,"minecraft:time_since_death":4826,"minecraft:sleep_in_bed":3,"minecraft:climb_one_cm":3855,"minecraft:time_since_rest":4849,"minecraft:sprint_one_cm":293843,"minecraft:damage_taken":7647,"minecraft:walk_one_cm":308043,"minecraft:damage_blocked_by_shield":825,"minecraft:drop":21,"minecraft:damage_dealt":6473,"minecraft:swim_one_cm":24627,"minecraft:talked_to_villager":12,"minecraft:fly_one_cm":174294,"minecraft:open_chest":3,"minecraft:play_time":106073,"minecraft:crouch_one_cm":145,"minecraft:sneak_time":62,"minecraft:deaths":25,"minecraft:walk_under_water_one_cm":36749,"minecraft:jump":1219,"minecraft:walk_on_water_one_cm":91470,"minecraft:total_world_time":106073,"minecraft:fall_one_cm":60202,"minecraft:inspect_dispenser":1}},"DataVersion":3953}