{"stats":{"minecraft:used":{"minecraft:moss_block":1,"minecraft:water_bucket":17,"minecraft:stone_pickaxe":56,"minecraft:oak_planks":10,"minecraft:wooden_pickaxe":31,"minecraft:shield":9,"minecraft:rotten_flesh":2,"minecraft:cookie":13,"minecraft:dirt":2,"minecraft:mutton":2,"minecraft:crafting_table":2,"minecraft:white_bed":1,"minecraft:axolotl_bucket":3,"minecraft:wooden_axe":41,"minecraft:iron_axe":70,"minecraft:iron_pickaxe":11,"minecraft:cobblestone":10,"minecraft:furnace":1,"minecraft:bucket":23},"minecraft:mined":{"minecraft:white_bed":1,"minecraft:deepslate_diamond_ore":10,"minecraft:crafting_table":2,"minecraft:potted_dead_bush":2,"minecraft:short_grass":10,"minecraft:grass_block":2,"minecraft:decorated_pot":9,"minecraft:oak_planks":1,"minecraft:big_dripleaf":1,"minecraft:furnace":1,"minecraft:iron_ore":24,"minecraft:fire":3,"minecraft:oak_log":9,"minecraft:coal_ore":17,"minecraft:deepslate_iron_ore":25,"minecraft:stone":16,"minecraft:oak_leaves":13,"minecraft:deepslate":2},"minecraft:crafted":{"minecraft:oak_planks":36,"minecraft:redstone":22,"minecraft:crafting_table":1,"minecraft:wooden_pickaxe":1,"minecraft:iron_helmet":1,"minecraft:furnace":1,"minecraft:bucket":4,"minecraft:iron_boots":1,"minecraft:iron_chestplate":1,"minecraft:shield":1,"minecraft:iron_axe":1,"minecraft:stick":16,"minecraft:iron_ingot":49,"minecraft:iron_pickaxe":2,"minecraft:wooden_axe":2,"minecraft:iron_leggings":1},"minecraft:killed":{"minecraft:spider":2,"minecraft:skeleton":5,"minecraft:sheep":1,"minecraft:zombie":8,"minecraft:breeze":1,"minecraft:drowned":1,"minecraft:enderman":2},"minecraft:dropped":{"minecraft:iron_ingot":8,"minecraft:moss_carpet":18,"minecraft:cookie":1,"minecraft:axolotl_bucket":1},"minecraft:custom":{"minecraft:interact_with_furnace":12,"minecraft:interact_with_anvil":3,"minecraft:mob_kills":21,"minecraft:traded_with_villager":11,"minecraft:interact_with_crafting_table":16,"minecraft:open_barrel":2,"minecraft:leave_game":2,"minecraft:time_since_death":743,"minecraft:sleep_in_bed":3,"minecraft:climb_one_cm":1148,"minecraft:time_since_rest":765,"minecraft:sprint_one_cm":191747,"minecraft:damage_taken":6120,"minecraft:walk_one_cm":199016,"minecraft:damage_blocked_by_shield":180,"minecraft:drop":14,"minecraft:damage_dealt":4330,"minecraft:swim_one_cm":24627,"minecraft:talked_to_villager":3,"minecraft:fly_one_cm":109451,"minecraft:open_chest":2,"minecraft:crouch_one_cm":76,"minecraft:play_time":71118,"minecraft:sneak_time":30,"minecraft:deaths":21,"minecraft:walk_under_water_one_cm":28212,"minecraft:jump":797,"minecraft:walk_on_water_one_cm":63657,"minecraft:total_world_time":71118,"minecraft:fall_one_cm":41285,"minecraft:inspect_dispenser":1},"minecraft:killed_by":{"minecraft:cave_spider":1,"minecraft:skeleton":3,"minecraft:creeper":2,"minecraft:spider":1,"minecraft:zombie":3,"minecraft:drowned":1,"minecraft:breeze":1},"minecraft:picked_up":{"minecraft:crafting_table":2,"minecraft:andesite":2,"minecraft:potato":1,"minecraft:potion":1,"minecraft:oak_log":9,"minecraft:dirt":2,"minecraft:string":2,"minecraft:moss_carpet":18,"minecraft:name_tag":1,"minecraft:bone":17,"minecraft:wheat_seeds":7,"minecraft:cobbled_deepslate":2,"minecraft:iron_ingot":11,"minecraft:stone_pickaxe":1,"minecraft:azalea":2,"minecraft:moss_block":1,"minecraft:oak_planks":1,"minecraft:furnace":1,"minecraft:stick":2,"minecraft:raw_iron":49,"minecraft:big_dripleaf":5,"minecraft:cookie":65,"minecraft:white_bed":2,"minecraft:arrow":13,"minecraft:rotten_flesh":8,"minecraft:diamond":10,"minecraft:decorated_pot":8,"minecraft:emerald":41,"minecraft:coal":34,"minecraft:mutton":2,"minecraft:white_wool":1,"minecraft:cobblestone":23,"minecraft:ender_pearl":2}},"DataVersion":3953}