{"stats":{"minecraft:crafted":{"minecraft:oak_planks":36,"minecraft:redstone":26,"minecraft:furnace":1,"minecraft:iron_boots":1,"minecraft:iron_axe":2,"minecraft:diamond_sword":1,"minecraft:crafting_table":1,"minecraft:wooden_pickaxe":1,"minecraft:iron_helmet":1,"minecraft:bucket":4,"minecraft:glowstone":12,"minecraft:iron_chestplate":1,"minecraft:diamond_pickaxe":1,"minecraft:shield":1,"minecraft:stick":16,"minecraft:iron_ingot":49,"minecraft:iron_pickaxe":3,"minecraft:wooden_axe":2,"minecraft:iron_leggings":1,"minecraft:gold_ingot":4,"minecraft:lapis_lazuli":24,"minecraft:diamond_chestplate":1},"minecraft:mined":{"minecraft:nether_gold_ore":7,"minecraft:white_bed":1,"minecraft:deepslate_diamond_ore":13,"minecraft:obsidian":1,"minecraft:potted_dead_bush":2,"minecraft:grass_block":2,"minecraft:decorated_pot":9,"minecraft:soul_soil":1,"minecraft:magma_block":7,"minecraft:furnace":1,"minecraft:iron_ore":24,"minecraft:fire":11,"minecraft:deepslate_iron_ore":25,"minecraft:stone":16,"minecraft:soul_sand":3,"minecraft:crafting_table":2,"minecraft:short_grass":12,"minecraft:nether_quartz_ore":3,"minecraft:tall_grass":1,"minecraft:deepslate_gold_ore":4,"minecraft:oak_planks":1,"minecraft:big_dripleaf":1,"minecraft:coal_ore":17,"minecraft:oak_log":9,"minecraft:gravel":1,"minecraft:dirt":2,"minecraft:netherrack":240,"minecraft:oak_leaves":13,"minecraft:deepslate":3},"minecraft:used":{"minecraft:moss_block":1,"minecraft:poppy":2,"minecraft:decorated_pot":7,"minecraft:shield":143,"minecraft:rotten_flesh":6,"minecraft:netherrack":124,"minecraft:dirt":4,"minecraft:mutton":2,"minecraft:axolotl_bucket":3,"minecraft:big_dripleaf":5,"minecraft:wooden_axe":41,"minecraft:iron_axe":129,"minecraft:glowstone":9,"minecraft:furnace":2,"minecraft:water_bucket":48,"minecraft:stone_pickaxe":56,"minecraft:oak_planks":10,"minecraft:ender_pearl":1,"minecraft:wooden_pickaxe":31,"minecraft:cookie":87,"minecraft:crafting_table":3,"minecraft:white_bed":2,"minecraft:cake":1,"minecraft:diamond_pickaxe":1,"minecraft:bread":3,"minecraft:iron_pickaxe":291,"minecraft:cobblestone":10,"minecraft:bucket":56},"minecraft:dropped":{"minecraft:iron_ingot":8,"minecraft:water_bucket":1,"minecraft:wheat_seeds":7,"minecraft:decorated_pot":8,"minecraft:cookie":1,"minecraft:cobblestone":5,"minecraft:stick":4,"minecraft:gold_nugget":5,"minecraft:axolotl_bucket":1,"minecraft:iron_pickaxe":1,"minecraft:string":1,"minecraft:gold_ingot":10,"minecraft:moss_carpet":18,"minecraft:cobbled_deepslate":2,"minecraft:rotten_flesh":4,"minecraft:andesite":2,"minecraft:azalea":2,"minecraft:netherrack":66},"minecraft:picked_up":{"minecraft:crafting_table":2,"minecraft:splash_potion":1,"minecraft:potion":4,"minecraft:nether_brick":7,"minecraft:string":3,"minecraft:moss_carpet":23,"minecraft:cobbled_deepslate":3,"minecraft:gold_nugget":48,"minecraft:azalea":2,"minecraft:poppy":2,"minecraft:iron_pickaxe":1,"minecraft:furnace":1,"minecraft:golden_helmet":1,"minecraft:raw_iron":49,"minecraft:stick":30,"minecraft:big_dripleaf":5,"minecraft:stone_button":2,"minecraft:cookie":80,"minecraft:rotten_flesh":17,"minecraft:arrow":16,"minecraft:decorated_pot":15,"minecraft:gold_ingot":27,"minecraft:mutton":2,"minecraft:obsidian":2,"minecraft:white_wool":1,"minecraft:cobblestone":23,"minecraft:magma_block":7,"minecraft:water_bucket":1,"minecraft:andesite":2,"minecraft:potato":1,"minecraft:oak_log":9,"minecraft:dirt":4,"minecraft:name_tag":1,"minecraft:bone":22,"minecraft:wheat_seeds":12,"minecraft:raw_gold":4,"minecraft:iron_ingot":11,"minecraft:stone_pickaxe":1,"minecraft:moss_block":1,"minecraft:oak_planks":1,"minecraft:flowering_azalea":1,"minecraft:soul_sand":3,"minecraft:quartz":13,"minecraft:white_bed":2,"minecraft:crying_obsidian":2,"minecraft:spectral_arrow":10,"minecraft:diamond":13,"minecraft:stone_axe":1,"minecraft:breeze_rod":2,"minecraft:emerald":99,"minecraft:bread":3,"minecraft:baked_potato":4,"minecraft:netherrack":189,"minecraft:coal":34,"minecraft:ender_pearl":2},"minecraft:killed_by":{"minecraft:player":3,"minecraft:creeper":2,"minecraft:spider":1,"minecraft:drowned":1,"minecraft:slime":1,"minecraft:cave_spider":1,"minecraft:skeleton":4,"minecraft:zombie":3,"minecraft:breeze":1},"minecraft:killed":{"minecraft:armadillo":2,"minecraft:spider":3,"minecraft:skeleton":10,"minecraft:drowned":1,"minecraft:sheep":1,"minecraft:zombie":14,"minecraft:breeze":2,"minecraft:villager":1,"minecraft:enderman":2},"minecraft:broken":{"minecraft:golden_helmet":1,"minecraft:iron_boots":1,"minecraft:iron_leggings":1,"minecraft:iron_pickaxe":1},"minecraft:custom":{"minecraft:mob_kills":38,"minecraft:interact_with_anvil":3,"minecraft:interact_with_crafting_table":26,"minecraft:open_barrel":3,"minecraft:eat_cake_slice":5,"minecraft:leave_game":3,"minecraft:time_since_death":366,"minecraft:climb_one_cm":5330,"minecraft:sprint_one_cm":489868,"minecraft:walk_one_cm":511589,"minecraft:damage_blocked_by_shield":940,"minecraft:drop":57,"minecraft:play_noteblock":7,"minecraft:talked_to_villager":12,"minecraft:play_time":196073,"minecraft:deaths":34,"minecraft:sneak_time":8939,"minecraft:walk_under_water_one_cm":40479,"minecraft:jump":2457,"minecraft:walk_on_water_one_cm":110779,"minecraft:total_world_time":196073,"minecraft:interact_with_furnace":15,"minecraft:traded_with_villager":49,"minecraft:sleep_in_bed":4,"minecraft:time_since_rest":399,"minecraft:damage_taken":10547,"minecraft:damage_dealt":7313,"minecraft:swim_one_cm":39892,"minecraft:fly_one_cm":523588,"minecraft:player_kills":1,"minecraft:open_chest":12,"minecraft:crouch_one_cm":30523,"minecraft:fall_one_cm":95894,"minecraft:inspect_dispenser":1,"minecraft:horse_one_cm":124647}},"DataVersion":3953}