{"stats":{"minecraft:used":{"minecraft:wooden_axe":36,"minecraft:stone_pickaxe":17,"minecraft:oak_planks":1,"minecraft:wooden_pickaxe":30,"minecraft:cobblestone":6,"minecraft:crafting_table":2,"minecraft:furnace":1,"minecraft:white_bed":1},"minecraft:mined":{"minecraft:iron_ore":12,"minecraft:fire":3,"minecraft:crafting_table":1,"minecraft:coal_ore":17,"minecraft:oak_log":9,"minecraft:stone":15,"minecraft:oak_planks":1,"minecraft:oak_leaves":13},"minecraft:crafted":{"minecraft:oak_planks":36,"minecraft:shield":1,"minecraft:crafting_table":1,"minecraft:stick":16,"minecraft:iron_ingot":9,"minecraft:wooden_pickaxe":1,"minecraft:wooden_axe":2,"minecraft:furnace":1},"minecraft:killed":{"minecraft:skeleton":1,"minecraft:sheep":1,"minecraft:zombie":2,"minecraft:enderman":1},"minecraft:custom":{"minecraft:time_since_rest":2617,"minecraft:interact_with_furnace":2,"minecraft:sprint_one_cm":42921,"minecraft:damage_taken":691,"minecraft:walk_one_cm":35186,"minecraft:mob_kills":5,"minecraft:damage_dealt":1050,"minecraft:swim_one_cm":15008,"minecraft:interact_with_crafting_table":4,"minecraft:fly_one_cm":18176,"minecraft:crouch_one_cm":76,"minecraft:play_time":17157,"minecraft:deaths":2,"minecraft:sneak_time":6,"minecraft:walk_under_water_one_cm":10845,"minecraft:jump":188,"minecraft:time_since_death":2595,"minecraft:walk_on_water_one_cm":12966,"minecraft:sleep_in_bed":1,"minecraft:total_world_time":17157,"minecraft:fall_one_cm":4516},"minecraft:picked_up":{"minecraft:raw_iron":12,"minecraft:stick":2,"minecraft:crafting_table":1,"minecraft:andesite":2,"minecraft:big_dripleaf":1,"minecraft:oak_log":9,"minecraft:white_bed":1,"minecraft:bone":2,"minecraft:rotten_flesh":2,"minecraft:iron_ingot":1,"minecraft:stone_pickaxe":1,"minecraft:emerald":4,"minecraft:mutton":2,"minecraft:oak_planks":1,"minecraft:coal":21,"minecraft:white_wool":1,"minecraft:cobblestone":15,"minecraft:ender_pearl":1}},"DataVersion":3953}