{"stats":{"minecraft:crafted":{"minecraft:oak_planks":36,"minecraft:redstone":26,"minecraft:furnace":1,"minecraft:diamond":9,"minecraft:diamond_leggings":1,"minecraft:diamond_helmet":1,"minecraft:iron_boots":1,"minecraft:iron_axe":2,"minecraft:diamond_boots":1,"minecraft:diamond_sword":1,"minecraft:crafting_table":1,"minecraft:wooden_pickaxe":1,"minecraft:iron_helmet":1,"minecraft:bucket":4,"minecraft:glowstone":12,"minecraft:iron_chestplate":1,"minecraft:diamond_pickaxe":1,"minecraft:shield":1,"minecraft:stick":16,"minecraft:iron_ingot":49,"minecraft:iron_pickaxe":3,"minecraft:wooden_axe":2,"minecraft:iron_leggings":1,"minecraft:gold_ingot":4,"minecraft:lapis_lazuli":24,"minecraft:diamond_chestplate":1},"minecraft:mined":{"minecraft:nether_gold_ore":7,"minecraft:white_bed":1,"minecraft:deepslate_diamond_ore":16,"minecraft:obsidian":1,"minecraft:budding_amethyst":1,"minecraft:potted_dead_bush":2,"minecraft:grass_block":4,"minecraft:decorated_pot":11,"minecraft:soul_soil":1,"minecraft:magma_block":7,"minecraft:furnace":1,"minecraft:iron_ore":48,"minecraft:fire":11,"minecraft:andesite":4,"minecraft:deepslate_iron_ore":29,"minecraft:stone":117,"minecraft:light_gray_carpet":1,"minecraft:glass_pane":1,"minecraft:soul_sand":3,"minecraft:amethyst_cluster":2,"minecraft:crafting_table":2,"minecraft:short_grass":14,"minecraft:calcite":1,"minecraft:copper_ore":4,"minecraft:nether_quartz_ore":3,"minecraft:tall_grass":1,"minecraft:deepslate_gold_ore":4,"minecraft:oak_planks":1,"minecraft:amethyst_block":22,"minecraft:big_dripleaf":1,"minecraft:birch_log":12,"minecraft:birch_leaves":1,"minecraft:coal_ore":17,"minecraft:oak_log":9,"minecraft:gravel":1,"minecraft:dirt":3,"minecraft:netherrack":240,"minecraft:oak_leaves":13,"minecraft:deepslate":3},"minecraft:used":{"minecraft:moss_block":1,"minecraft:poppy":2,"minecraft:decorated_pot":9,"minecraft:shield":160,"minecraft:rotten_flesh":6,"minecraft:netherrack":124,"minecraft:dirt":7,"minecraft:mutton":2,"minecraft:axolotl_bucket":5,"minecraft:obsidian":1,"minecraft:big_dripleaf":5,"minecraft:wooden_axe":41,"minecraft:lantern":2,"minecraft:iron_axe":176,"minecraft:glowstone":9,"minecraft:furnace":2,"minecraft:water_bucket":53,"minecraft:stone_pickaxe":56,"minecraft:oak_planks":10,"minecraft:ender_pearl":1,"minecraft:wooden_pickaxe":31,"minecraft:cookie":92,"minecraft:crafting_table":3,"minecraft:white_bed":2,"minecraft:cake":1,"minecraft:diamond_pickaxe":168,"minecraft:black_wool":1,"minecraft:bread":3,"minecraft:iron_pickaxe":291,"minecraft:potion":1,"minecraft:cobblestone":36,"minecraft:bucket":59,"minecraft:glass_pane":11},"minecraft:dropped":{"minecraft:iron_ingot":8,"minecraft:water_bucket":1,"minecraft:wheat_seeds":13,"minecraft:glass_bottle":1,"minecraft:diamond":1,"minecraft:decorated_pot":8,"minecraft:cookie":1,"minecraft:cobblestone":5,"minecraft:stick":4,"minecraft:stone_button":2,"minecraft:flowering_azalea":1,"minecraft:gold_nugget":5,"minecraft:axolotl_bucket":1,"minecraft:iron_pickaxe":1,"minecraft:string":1,"minecraft:white_wool":2,"minecraft:dandelion":1,"minecraft:gold_ingot":10,"minecraft:moss_carpet":23,"minecraft:ancient_debris":9,"minecraft:cobbled_deepslate":2,"minecraft:rotten_flesh":4,"minecraft:andesite":2,"minecraft:azalea":2,"minecraft:spider_eye":2,"minecraft:netherrack":66},"minecraft:picked_up":{"minecraft:crafting_table":2,"minecraft:splash_potion":1,"minecraft:potion":4,"minecraft:nether_brick":7,"minecraft:amethyst_block":22,"minecraft:raw_copper":11,"minecraft:string":4,"minecraft:moss_carpet":23,"minecraft:glass_pane":11,"minecraft:cobbled_deepslate":3,"minecraft:gold_nugget":48,"minecraft:beef":1,"minecraft:azalea":2,"minecraft:poppy":2,"minecraft:iron_pickaxe":1,"minecraft:furnace":1,"minecraft:golden_helmet":1,"minecraft:raw_iron":77,"minecraft:stick":30,"minecraft:big_dripleaf":5,"minecraft:stone_button":2,"minecraft:cookie":80,"minecraft:rotten_flesh":17,"minecraft:arrow":22,"minecraft:decorated_pot":17,"minecraft:gold_ingot":32,"minecraft:mutton":2,"minecraft:obsidian":2,"minecraft:white_wool":2,"minecraft:cobblestone":123,"minecraft:birch_log":12,"minecraft:magma_block":7,"minecraft:water_bucket":1,"minecraft:andesite":6,"minecraft:potato":1,"minecraft:oak_log":9,"minecraft:dirt":7,"minecraft:lantern":2,"minecraft:name_tag":1,"minecraft:bone":28,"minecraft:wheat_seeds":16,"minecraft:raw_gold":4,"minecraft:iron_ingot":11,"minecraft:stone_pickaxe":1,"minecraft:moss_block":1,"minecraft:oak_planks":1,"minecraft:flowering_azalea":1,"minecraft:soul_sand":3,"minecraft:quartz":13,"minecraft:dandelion":1,"minecraft:white_bed":2,"minecraft:diamond_block":1,"minecraft:spider_eye":2,"minecraft:crying_obsidian":2,"minecraft:spectral_arrow":10,"minecraft:diamond":21,"minecraft:stone_axe":1,"minecraft:breeze_rod":2,"minecraft:emerald":99,"minecraft:bread":3,"minecraft:baked_potato":4,"minecraft:black_wool":1,"minecraft:netherrack":189,"minecraft:coal":34,"minecraft:ender_pearl":2},"minecraft:killed_by":{"minecraft:player":3,"minecraft:creeper":2,"minecraft:spider":2,"minecraft:drowned":1,"minecraft:slime":1,"minecraft:cave_spider":1,"minecraft:skeleton":4,"minecraft:zombie":4,"minecraft:breeze":1},"minecraft:killed":{"minecraft:armadillo":2,"minecraft:spider":5,"minecraft:skeleton":16,"minecraft:drowned":1,"minecraft:sheep":1,"minecraft:zombie":16,"minecraft:breeze":2,"minecraft:villager":1,"minecraft:cow":1,"minecraft:enderman":2},"minecraft:broken":{"minecraft:golden_helmet":1,"minecraft:iron_boots":1,"minecraft:iron_chestplate":1,"minecraft:iron_leggings":1,"minecraft:iron_pickaxe":1,"minecraft:iron_helmet":1},"minecraft:custom":{"minecraft:interact_with_smithing_table":4,"minecraft:mob_kills":54,"minecraft:interact_with_anvil":3,"minecraft:interact_with_crafting_table":29,"minecraft:open_barrel":3,"minecraft:eat_cake_slice":5,"minecraft:leave_game":3,"minecraft:time_since_death":5726,"minecraft:climb_one_cm":12864,"minecraft:sprint_one_cm":588782,"minecraft:walk_one_cm":663763,"minecraft:damage_blocked_by_shield":1360,"minecraft:drop":77,"minecraft:play_noteblock":10,"minecraft:talked_to_villager":12,"minecraft:play_time":244073,"minecraft:deaths":40,"minecraft:sneak_time":9390,"minecraft:walk_under_water_one_cm":47155,"minecraft:jump":3103,"minecraft:walk_on_water_one_cm":140710,"minecraft:total_world_time":244073,"minecraft:interact_with_furnace":16,"minecraft:traded_with_villager":49,"minecraft:sleep_in_bed":4,"minecraft:time_since_rest":5747,"minecraft:damage_taken":12086,"minecraft:damage_dealt":9175,"minecraft:swim_one_cm":52495,"minecraft:fly_one_cm":633844,"minecraft:player_kills":1,"minecraft:open_chest":20,"minecraft:crouch_one_cm":31224,"minecraft:fall_one_cm":112923,"minecraft:inspect_dispenser":3,"minecraft:horse_one_cm":124647}},"DataVersion":3953}