{"stats":{"minecraft:used":{"minecraft:wooden_axe":39,"minecraft:water_bucket":1,"minecraft:iron_axe":8,"minecraft:stone_pickaxe":31,"minecraft:oak_planks":2,"minecraft:shield":1,"minecraft:wooden_pickaxe":30,"minecraft:cobblestone":6,"minecraft:crafting_table":2,"minecraft:furnace":1,"minecraft:bucket":2,"minecraft:white_bed":1},"minecraft:mined":{"minecraft:iron_ore":24,"minecraft:fire":3,"minecraft:crafting_table":1,"minecraft:deepslate_iron_ore":1,"minecraft:coal_ore":17,"minecraft:oak_log":9,"minecraft:stone":16,"minecraft:oak_planks":1,"minecraft:oak_leaves":13},"minecraft:crafted":{"minecraft:oak_planks":36,"minecraft:iron_chestplate":1,"minecraft:shield":1,"minecraft:iron_axe":1,"minecraft:crafting_table":1,"minecraft:stick":16,"minecraft:iron_ingot":23,"minecraft:wooden_pickaxe":1,"minecraft:iron_pickaxe":1,"minecraft:wooden_axe":2,"minecraft:furnace":1,"minecraft:bucket":1},"minecraft:killed":{"minecraft:skeleton":1,"minecraft:sheep":1,"minecraft:zombie":3,"minecraft:drowned":1,"minecraft:enderman":2},"minecraft:custom":{"minecraft:time_since_rest":441,"minecraft:interact_with_furnace":8,"minecraft:sprint_one_cm":66384,"minecraft:damage_taken":3600,"minecraft:walk_one_cm":65327,"minecraft:damage_blocked_by_shield":30,"minecraft:mob_kills":8,"minecraft:damage_dealt":1878,"minecraft:swim_one_cm":24627,"minecraft:interact_with_crafting_table":10,"minecraft:fly_one_cm":30033,"minecraft:crouch_one_cm":76,"minecraft:play_time":29157,"minecraft:deaths":12,"minecraft:sneak_time":30,"minecraft:walk_under_water_one_cm":21521,"minecraft:jump":288,"minecraft:time_since_death":412,"minecraft:walk_on_water_one_cm":27634,"minecraft:sleep_in_bed":3,"minecraft:total_world_time":29157,"minecraft:fall_one_cm":18681},"minecraft:killed_by":{"minecraft:drowned":1,"minecraft:creeper":2,"minecraft:spider":1,"minecraft:zombie":1},"minecraft:picked_up":{"minecraft:raw_iron":25,"minecraft:stick":2,"minecraft:crafting_table":1,"minecraft:andesite":2,"minecraft:big_dripleaf":1,"minecraft:oak_log":9,"minecraft:white_bed":1,"minecraft:bone":2,"minecraft:rotten_flesh":2,"minecraft:iron_ingot":1,"minecraft:stone_pickaxe":1,"minecraft:emerald":4,"minecraft:mutton":2,"minecraft:oak_planks":1,"minecraft:coal":21,"minecraft:white_wool":1,"minecraft:cobblestone":16,"minecraft:ender_pearl":2}},"DataVersion":3953}