{"stats":{"minecraft:used":{"minecraft:stone_axe":1,"minecraft:stone_sword":13,"minecraft:crafting_table":1,"minecraft:stone_pickaxe":3,"minecraft:wooden_pickaxe":21},"minecraft:mined":{"minecraft:coal_ore":1,"minecraft:oak_log":4,"minecraft:white_bed":1,"minecraft:stone":23,"minecraft:crafting_table":1,"minecraft:oak_leaves":7},"minecraft:crafted":{"minecraft:stone_sword":1,"minecraft:furnace":1,"minecraft:oak_planks":24,"minecraft:stone_shovel":1,"minecraft:stone_hoe":1,"minecraft:stone_axe":1,"minecraft:crafting_table":1,"minecraft:stick":16,"minecraft:wooden_pickaxe":1,"minecraft:stone_pickaxe":1},"minecraft:custom":{"minecraft:time_since_rest":5432,"minecraft:damage_taken":95,"minecraft:play_time":5813,"minecraft:sprint_one_cm":8765,"minecraft:walk_one_cm":14088,"minecraft:sneak_time":2,"minecraft:jump":47,"minecraft:damage_dealt":260,"minecraft:time_since_death":5813,"minecraft:walk_on_water_one_cm":1118,"minecraft:sleep_in_bed":1,"minecraft:total_world_time":5813,"minecraft:interact_with_crafting_table":3,"minecraft:talked_to_villager":1,"minecraft:fall_one_cm":1579,"minecraft:fly_one_cm":6074},"minecraft:picked_up":{"minecraft:stick":1,"minecraft:crafting_table":1,"minecraft:oak_log":6,"minecraft:white_bed":1,"minecraft:oak_sapling":1,"minecraft:oak_planks":1,"minecraft:cobblestone":23}},"DataVersion":3953}