{"stats":{"minecraft:used":{"minecraft:cooked_mutton":5,"minecraft:stone_sword":37,"minecraft:stone_shovel":85,"minecraft:stone_pickaxe":185,"minecraft:ladder":6,"minecraft:oak_planks":211,"minecraft:chest":2,"minecraft:wooden_pickaxe":21,"minecraft:stone_hoe":3,"minecraft:cooked_chicken":1,"minecraft:oak_door":2,"minecraft:torch":6,"minecraft:dirt":10,"minecraft:crafting_table":4,"minecraft:white_bed":2,"minecraft:apple":2,"minecraft:oak_stairs":2,"minecraft:string":4,"minecraft:stone_axe":146,"minecraft:cobblestone":59,"minecraft:beef":2,"minecraft:furnace":3,"minecraft:andesite":24},"minecraft:mined":{"minecraft:large_amethyst_bud":1,"minecraft:white_bed":2,"minecraft:crafting_table":3,"minecraft:granite":5,"minecraft:budding_amethyst":2,"minecraft:short_grass":18,"minecraft:calcite":3,"minecraft:grass_block":3,"minecraft:tall_grass":5,"minecraft:cobblestone":15,"minecraft:lapis_ore":1,"minecraft:oak_planks":8,"minecraft:diorite":3,"minecraft:wall_torch":1,"minecraft:amethyst_block":4,"minecraft:furnace":1,"minecraft:iron_ore":10,"minecraft:birch_log":11,"minecraft:andesite":26,"minecraft:oak_log":69,"minecraft:coal_ore":28,"minecraft:deepslate_iron_ore":1,"minecraft:dirt_path":4,"minecraft:sand":66,"minecraft:dirt":13,"minecraft:smooth_basalt":5,"minecraft:stone":98,"minecraft:tripwire":4,"minecraft:oak_leaves":20,"minecraft:deepslate":1},"minecraft:crafted":{"minecraft:cooked_beef":7,"minecraft:oak_door":3,"minecraft:oak_planks":284,"minecraft:stone_shovel":1,"minecraft:cooked_porkchop":13,"minecraft:crafting_table":2,"minecraft:cooked_chicken":2,"minecraft:wooden_pickaxe":1,"minecraft:furnace":2,"minecraft:stone_axe":2,"minecraft:cooked_mutton":8,"minecraft:air":0,"minecraft:charcoal":11,"minecraft:shield":1,"minecraft:ladder":6,"minecraft:stick":40,"minecraft:iron_ingot":1,"minecraft:stone_pickaxe":3,"minecraft:oak_stairs":4,"minecraft:stone_sword":1,"minecraft:chest":2,"minecraft:torch":8,"minecraft:stone_hoe":1},"minecraft:broken":{"minecraft:stone_pickaxe":1,"minecraft:stone_axe":1},"minecraft:killed":{"minecraft:pig":6,"minecraft:spider":1,"minecraft:sheep":11,"minecraft:skeleton":1,"minecraft:chicken":2,"minecraft:cow":4},"minecraft:dropped":{"minecraft:crafting_table":1,"minecraft:oak_planks":1,"minecraft:sand":1,"minecraft:stone_pickaxe":1,"minecraft:string":2},"minecraft:custom":{"minecraft:interact_with_furnace":19,"minecraft:mob_kills":25,"minecraft:interact_with_crafting_table":14,"minecraft:leave_game":3,"minecraft:time_since_death":34500,"minecraft:sleep_in_bed":6,"minecraft:climb_one_cm":248,"minecraft:time_since_rest":15978,"minecraft:sprint_one_cm":126358,"minecraft:damage_taken":980,"minecraft:walk_one_cm":135311,"minecraft:drop":6,"minecraft:damage_dealt":2503,"minecraft:swim_one_cm":5459,"minecraft:talked_to_villager":1,"minecraft:fly_one_cm":116503,"minecraft:player_kills":1,"minecraft:open_chest":10,"minecraft:crouch_one_cm":4677,"minecraft:play_time":50868,"minecraft:deaths":1,"minecraft:sneak_time":1957,"minecraft:walk_under_water_one_cm":10298,"minecraft:jump":682,"minecraft:walk_on_water_one_cm":14493,"minecraft:total_world_time":50868,"minecraft:fall_one_cm":20139},"minecraft:picked_up":{"minecraft:birch_log":11,"minecraft:charcoal":8,"minecraft:crafting_table":4,"minecraft:feather":1,"minecraft:chicken":2,"minecraft:andesite":25,"minecraft:leather":7,"minecraft:oak_log":71,"minecraft:amethyst_block":4,"minecraft:lapis_lazuli":8,"minecraft:string":6,"minecraft:dirt":20,"minecraft:apple":2,"minecraft:wheat_seeds":5,"minecraft:cobbled_deepslate":1,"minecraft:stone_pickaxe":1,"minecraft:beef":9,"minecraft:calcite":3,"minecraft:oak_planks":10,"minecraft:furnace":1,"minecraft:raw_iron":11,"minecraft:stick":13,"minecraft:smooth_basalt":5,"minecraft:torch":1,"minecraft:porkchop":13,"minecraft:sand":65,"minecraft:diorite":3,"minecraft:white_bed":2,"minecraft:spider_eye":1,"minecraft:granite":5,"minecraft:gray_wool":1,"minecraft:oak_sapling":1,"minecraft:coal":27,"minecraft:black_wool":1,"minecraft:mutton":20,"minecraft:white_wool":9,"minecraft:cobblestone":109}},"DataVersion":3953}