{"stats":{"minecraft:used":{"minecraft:cooked_mutton":5,"minecraft:stone_sword":23,"minecraft:stone_shovel":14,"minecraft:stone_pickaxe":40,"minecraft:wooden_pickaxe":21,"minecraft:stone_axe":44,"minecraft:dirt":10,"minecraft:cobblestone":11,"minecraft:crafting_table":1,"minecraft:furnace":1},"minecraft:mined":{"minecraft:white_bed":1,"minecraft:andesite":1,"minecraft:crafting_table":1,"minecraft:short_grass":8,"minecraft:oak_log":4,"minecraft:coal_ore":7,"minecraft:deepslate_iron_ore":1,"minecraft:dirt_path":4,"minecraft:dirt":10,"minecraft:cobblestone":5,"minecraft:lapis_ore":1,"minecraft:stone":45,"minecraft:deepslate":1,"minecraft:oak_leaves":7},"minecraft:crafted":{"minecraft:oak_planks":24,"minecraft:stone_shovel":1,"minecraft:crafting_table":1,"minecraft:stick":16,"minecraft:wooden_pickaxe":1,"minecraft:stone_pickaxe":1,"minecraft:stone_sword":1,"minecraft:furnace":1,"minecraft:stone_hoe":1,"minecraft:stone_axe":1,"minecraft:air":0,"minecraft:cooked_mutton":8},"minecraft:killed":{"minecraft:sheep":11,"minecraft:skeleton":1,"minecraft:pig":6,"minecraft:chicken":2,"minecraft:cow":4},"minecraft:dropped":{"minecraft:stone_pickaxe":1},"minecraft:custom":{"minecraft:time_since_rest":1470,"minecraft:interact_with_furnace":6,"minecraft:sprint_one_cm":63950,"minecraft:damage_taken":810,"minecraft:walk_one_cm":50744,"minecraft:mob_kills":24,"minecraft:drop":1,"minecraft:damage_dealt":2343,"minecraft:talked_to_villager":1,"minecraft:interact_with_crafting_table":3,"minecraft:fly_one_cm":50753,"minecraft:player_kills":1,"minecraft:crouch_one_cm":871,"minecraft:play_time":17813,"minecraft:deaths":1,"minecraft:sneak_time":228,"minecraft:walk_under_water_one_cm":9638,"minecraft:jump":339,"minecraft:walk_on_water_one_cm":6646,"minecraft:time_since_death":1445,"minecraft:sleep_in_bed":1,"minecraft:total_world_time":17813,"minecraft:fall_one_cm":11510},"minecraft:picked_up":{"minecraft:raw_iron":1,"minecraft:crafting_table":1,"minecraft:stick":1,"minecraft:feather":1,"minecraft:chicken":2,"minecraft:andesite":1,"minecraft:leather":7,"minecraft:porkchop":13,"minecraft:oak_log":6,"minecraft:white_bed":1,"minecraft:spider_eye":1,"minecraft:dirt":14,"minecraft:lapis_lazuli":8,"minecraft:wheat_seeds":1,"minecraft:cobbled_deepslate":1,"minecraft:beef":9,"minecraft:stone_pickaxe":1,"minecraft:gray_wool":1,"minecraft:oak_sapling":1,"minecraft:black_wool":1,"minecraft:mutton":20,"minecraft:oak_planks":1,"minecraft:coal":6,"minecraft:white_wool":9,"minecraft:cobblestone":47}},"DataVersion":3953}