{"stats":{"minecraft:mined":{"minecraft:fire":9,"minecraft:purpur_block":1,"minecraft:torch":2,"minecraft:grass_block":2,"minecraft:short_grass":14,"minecraft:dirt_path":1,"minecraft:dirt":22,"minecraft:end_rod":2,"minecraft:cobblestone":1,"minecraft:wall_torch":4,"minecraft:stone":86,"minecraft:end_stone_bricks":2},"minecraft:used":{"minecraft:ender_eye":1,"minecraft:diamond_pickaxe":104,"minecraft:writable_book":2,"minecraft:oak_planks":72,"minecraft:ender_pearl":19,"minecraft:stone_bricks":1,"minecraft:cracked_stone_bricks":1,"minecraft:torch":1,"minecraft:cobblestone":17,"minecraft:diamond_sword":202,"minecraft:dirt":4,"minecraft:nether_bricks":2,"minecraft:white_bed":1,"minecraft:cooked_beef":13,"minecraft:cobbled_deepslate":3,"minecraft:warped_planks":27,"minecraft:enchanted_golden_apple":6},"minecraft:dropped":{"minecraft:writable_book":1},"minecraft:picked_up":{"minecraft:shulker_shell":1,"minecraft:netherite_boots":1,"minecraft:cooked_beef":15,"minecraft:end_stone":6,"minecraft:clay_ball":12,"minecraft:torch":6,"minecraft:diamond_sword":1,"minecraft:purpur_block":1,"minecraft:diorite":1,"minecraft:white_bed":1,"minecraft:warped_planks":28,"minecraft:spider_eye":1,"minecraft:dirt":24,"minecraft:stone_bricks":1,"minecraft:cracked_stone_bricks":1,"minecraft:netherite_helmet":1,"minecraft:diamond_leggings":1,"minecraft:nether_bricks":5,"minecraft:cobbled_deepslate":16,"minecraft:writable_book":1,"minecraft:iron_ingot":1,"minecraft:end_rod":2,"minecraft:ender_eye":1,"minecraft:enchanted_golden_apple":6,"minecraft:netherite_chestplate":1,"minecraft:moss_block":2,"minecraft:oak_planks":72,"minecraft:cobblestone":62,"minecraft:end_stone_bricks":2,"minecraft:ender_pearl":36,"minecraft:diamond_pickaxe":1},"minecraft:killed_by":{"minecraft:ender_dragon":4},"minecraft:killed":{"minecraft:zombie":1,"minecraft:zombie_villager":1,"minecraft:silverfish":4,"minecraft:spider":3,"minecraft:shulker":3,"minecraft:enderman":1},"minecraft:custom":{"minecraft:time_since_rest":9095,"minecraft:sprint_one_cm":9341,"minecraft:walk_one_cm":369506,"minecraft:damage_absorbed":723,"minecraft:damage_taken":4185,"minecraft:mob_kills":13,"minecraft:drop":1,"minecraft:damage_dealt":2209,"minecraft:fly_one_cm":275797,"minecraft:open_chest":5,"minecraft:crouch_one_cm":666,"minecraft:play_time":72043,"minecraft:deaths":6,"minecraft:sneak_time":1190,"minecraft:walk_under_water_one_cm":2951,"minecraft:boat_one_cm":12427,"minecraft:jump":557,"minecraft:leave_game":1,"minecraft:walk_on_water_one_cm":16253,"minecraft:time_since_death":9071,"minecraft:climb_one_cm":6775,"minecraft:total_world_time":72043,"minecraft:damage_resisted":468,"minecraft:fall_one_cm":37495,"minecraft:inspect_dispenser":4}},"DataVersion":3953}