{"stats":{"minecraft:crafted":{"minecraft:oak_planks":8,"minecraft:oak_boat":1},"minecraft:mined":{"minecraft:crafting_table":1,"minecraft:torch":2,"minecraft:short_grass":16,"minecraft:grass_block":2,"minecraft:tall_grass":1,"minecraft:cobblestone":2,"minecraft:wall_torch":6,"minecraft:fire":9,"minecraft:purpur_block":1,"minecraft:oak_log":5,"minecraft:dirt_path":1,"minecraft:end_rod":2,"minecraft:dirt":22,"minecraft:end_stone_bricks":2,"minecraft:stone":110},"minecraft:used":{"minecraft:writable_book":2,"minecraft:end_stone_bricks":2,"minecraft:oak_planks":72,"minecraft:ender_pearl":19,"minecraft:cracked_stone_bricks":1,"minecraft:torch":1,"minecraft:dirt":4,"minecraft:crafting_table":1,"minecraft:nether_bricks":4,"minecraft:white_bed":1,"minecraft:warped_planks":27,"minecraft:ender_eye":1,"minecraft:diamond_pickaxe":129,"minecraft:stone_bricks":1,"minecraft:diamond_sword":225,"minecraft:cobblestone":29,"minecraft:oak_boat":1,"minecraft:cooked_beef":13,"minecraft:cobbled_deepslate":3,"minecraft:enchanted_golden_apple":6},"minecraft:dropped":{"minecraft:writable_book":1},"minecraft:picked_up":{"minecraft:shulker_shell":1,"minecraft:netherite_boots":1,"minecraft:crafting_table":1,"minecraft:cooked_beef":15,"minecraft:clay_ball":12,"minecraft:diamond_sword":1,"minecraft:oak_log":5,"minecraft:purpur_block":1,"minecraft:dirt":24,"minecraft:stone_bricks":1,"minecraft:cracked_stone_bricks":1,"minecraft:diamond_leggings":1,"minecraft:cobbled_deepslate":16,"minecraft:iron_ingot":1,"minecraft:oak_boat":1,"minecraft:ender_eye":1,"minecraft:enchanted_golden_apple":6,"minecraft:moss_block":2,"minecraft:oak_planks":72,"minecraft:egg":1,"minecraft:end_stone":6,"minecraft:torch":8,"minecraft:diorite":1,"minecraft:white_bed":1,"minecraft:warped_planks":28,"minecraft:spider_eye":1,"minecraft:rotten_flesh":2,"minecraft:netherite_helmet":1,"minecraft:nether_bricks":5,"minecraft:writable_book":1,"minecraft:end_rod":2,"minecraft:netherite_chestplate":1,"minecraft:diamond_pickaxe":1,"minecraft:ender_pearl":36,"minecraft:cobblestone":112,"minecraft:end_stone_bricks":2},"minecraft:killed_by":{"minecraft:ender_dragon":4},"minecraft:killed":{"minecraft:wolf":2,"minecraft:zombie_villager":1,"minecraft:spider":3,"minecraft:shulker":3,"minecraft:zombie":2,"minecraft:silverfish":4,"minecraft:villager":1,"minecraft:enderman":1},"minecraft:custom":{"minecraft:mob_kills":17,"minecraft:interact_with_crafting_table":1,"minecraft:leave_game":2,"minecraft:time_since_death":18976,"minecraft:damage_resisted":468,"minecraft:climb_one_cm":6775,"minecraft:time_since_rest":19000,"minecraft:sprint_one_cm":18554,"minecraft:damage_taken":4191,"minecraft:damage_absorbed":723,"minecraft:walk_one_cm":410389,"minecraft:drop":1,"minecraft:damage_dealt":2699,"minecraft:talked_to_villager":2,"minecraft:fly_one_cm":282728,"minecraft:open_chest":6,"minecraft:crouch_one_cm":666,"minecraft:play_time":81948,"minecraft:deaths":6,"minecraft:sneak_time":1329,"minecraft:walk_under_water_one_cm":2951,"minecraft:boat_one_cm":12915,"minecraft:jump":654,"minecraft:walk_on_water_one_cm":16253,"minecraft:total_world_time":81948,"minecraft:fall_one_cm":38182,"minecraft:inspect_dispenser":4}},"DataVersion":3953}