{"stats":{"minecraft:mined":{"minecraft:fire":9,"minecraft:short_grass":1},"minecraft:used":{"minecraft:ender_eye":1,"minecraft:diamond_pickaxe":1,"minecraft:writable_book":2,"minecraft:oak_planks":72,"minecraft:ender_pearl":18,"minecraft:stone_bricks":1,"minecraft:cracked_stone_bricks":1,"minecraft:diamond_sword":106,"minecraft:white_bed":1,"minecraft:cooked_beef":8,"minecraft:cobbled_deepslate":3,"minecraft:warped_planks":8,"minecraft:enchanted_golden_apple":6},"minecraft:dropped":{"minecraft:writable_book":1},"minecraft:picked_up":{"minecraft:netherite_boots":1,"minecraft:cooked_beef":15,"minecraft:end_stone":3,"minecraft:clay_ball":12,"minecraft:diamond_sword":1,"minecraft:diorite":1,"minecraft:white_bed":1,"minecraft:warped_planks":27,"minecraft:stone_bricks":1,"minecraft:cracked_stone_bricks":1,"minecraft:netherite_helmet":1,"minecraft:diamond_leggings":1,"minecraft:nether_bricks":5,"minecraft:cobbled_deepslate":16,"minecraft:writable_book":1,"minecraft:iron_ingot":1,"minecraft:ender_eye":1,"minecraft:enchanted_golden_apple":6,"minecraft:netherite_chestplate":1,"minecraft:moss_block":2,"minecraft:oak_planks":72,"minecraft:ender_pearl":34,"minecraft:diamond_pickaxe":1},"minecraft:killed_by":{"minecraft:ender_dragon":4},"minecraft:killed":{"minecraft:zombie":1,"minecraft:silverfish":4,"minecraft:enderman":1},"minecraft:custom":{"minecraft:time_since_rest":11681,"minecraft:walk_one_cm":262305,"minecraft:damage_absorbed":723,"minecraft:damage_taken":3301,"minecraft:mob_kills":6,"minecraft:drop":1,"minecraft:damage_dealt":796,"minecraft:fly_one_cm":262630,"minecraft:open_chest":5,"minecraft:crouch_one_cm":666,"minecraft:play_time":48043,"minecraft:deaths":5,"minecraft:sneak_time":1162,"minecraft:walk_under_water_one_cm":2951,"minecraft:boat_one_cm":12427,"minecraft:jump":360,"minecraft:leave_game":1,"minecraft:walk_on_water_one_cm":15826,"minecraft:time_since_death":11647,"minecraft:climb_one_cm":5450,"minecraft:total_world_time":48043,"minecraft:damage_resisted":468,"minecraft:fall_one_cm":27433,"minecraft:inspect_dispenser":4}},"DataVersion":3953}